Student_ID,Age,Math_Score,Science_Score,English_Score,Hours_Studied,Pass_Fail
S00001,22,85,64,62,4.7,1
S00002,19,73,78,74,3.1,1
S00003,20,86,85,81,6.4,1
S00004,22,90,91,93,9.9,1
S00005,18,76,65,71,4.2,1
S00006,20,69,55,82,6.0,1
S00007,20,81,73,81,4.4,1
S00008,22,83,85,90,8.5,1
S00009,17,78,99,69,9.1,1
S00010,18,91,97,91,8.8,1
S00011,22,71,100,87,9.8,1
S00012,18,76,73,55,0.8,1
S00013,18,99,100,100,8.5,1
S00014,20,89,92,74,7.6,1
S00015,19,46,57,60,2.7,1
S00016,18,85,100,66,9.6,1
S00017,21,63,83,82,1.9,1
S00018,20,80,89,92,7.0,1
S00019,17,45,41,65,2.6,1
S00020,19,58,81,81,4.6,1
S00021,21,81,77,59,7.3,1
S00022,21,63,64,84,5.9,1
S00023,17,90,77,65,4.6,1
S00024,19,75,52,90,3.6,1
S00025,20,79,100,91,8.5,1
S00026,16,77,73,68,1.9,1
S00027,19,85,73,66,4.6,1
S00028,17,95,85,80,9.1,1
S00029,21,89,87,94,8.5,1
S00030,20,69,61,65,4.3,1
S00031,19,79,85,75,7.7,1
S00032,16,72,54,100,8.3,1
S00033,16,100,92,92,8.9,1
S00034,18,72,80,66,5.7,1
S00035,18,65,76,74,2.4,1
S00036,22,56,72,66,2.9,1
S00037,17,65,81,51,3.3,1
S00038,19,100,87,74,6.1,1
S00039,19,49,72,51,0.8,1
S00040,22,98,100,84,6.5,1
S00041,21,71,77,66,4.0,1
S00042,21,76,72,72,3.3,1
S00043,22,100,100,96,8.9,1
S00044,21,78,70,100,4.9,1
S00045,18,56,61,86,1.4,1
S00046,19,86,94,89,8.4,1
S00047,22,57,62,63,1.0,1
S00048,19,100,86,77,7.4,1
S00049,16,69,98,67,7.9,1
S00050,18,49,51,47,3.8,1
S00051,20,68,100,77,8.3,1
S00052,18,66,83,95,5.4,1
S00053,22,83,71,93,4.9,1
S00054,20,68,80,64,0.9,1
S00055,16,61,71,76,3.3,1
S00056,22,92,94,83,9.3,1
S00057,17,58,70,73,4.2,1
S00058,19,66,96,70,5.7,1
S00059,16,84,78,69,5.6,1
S00060,19,92,73,86,6.1,1
S00061,21,54,73,57,1.1,1
S00062,17,90,86,78,3.9,1
S00063,17,96,100,82,7.4,1
S00064,16,84,74,83,2.4,1
S00065,17,61,80,74,2.4,1
S00066,20,76,56,65,0.6,1
S00067,17,100,87,59,4.7,1
S00068,19,86,100,83,8.9,1
S00069,19,57,67,63,1.0,1
S00070,22,53,47,68,2.3,1
S00071,19,55,65,78,3.4,1
S00072,22,71,85,86,7.5,1
S00073,19,72,88,70,6.6,1
S00074,20,76,100,81,4.5,1
S00075,22,77,97,80,7.7,1
S00076,18,83,71,73,6.3,1
S00077,21,94,85,77,9.0,1
S00078,16,83,100,83,8.3,1
S00079,19,66,62,63,2.9,1
S00080,17,61,81,83,3.1,1
S00081,19,58,65,62,1.7,1
S00082,17,60,69,78,3.7,1
S00083,21,96,89,72,10.0,1
S00084,21,65,37,82,4.4,1
S00085,21,51,73,75,2.6,1
S00086,17,93,74,69,7.7,1
S00087,19,85,62,69,5.7,1
S00088,21,76,67,59,1.9,1
S00089,20,59,85,71,4.1,1
S00090,22,67,53,66,4.4,1
S00091,17,89,98,82,7.7,1
S00092,17,52,49,69,0.7,1
S00093,19,74,77,64,3.1,1
S00094,17,83,84,81,5.4,1
S00095,17,73,66,72,3.1,1
S00096,21,99,82,48,6.5,1
S00097,19,83,72,67,5.1,1
S00098,21,72,75,83,3.9,1
S00099,22,91,96,81,9.5,1
S00100,22,80,71,69,6.5,1
S00101,21,49,47,77,1.7,1
S00102,22,57,91,80,5.8,1
S00103,19,92,89,100,7.9,1
S00104,16,98,95,78,7.2,1
S00105,21,59,57,80,2.1,1
S00106,20,100,84,81,9.7,1
S00107,20,72,63,47,4.8,1
S00108,17,40,62,74,2.0,1
S00109,22,75,68,73,2.2,1
S00110,20,55,56,72,1.4,1
S00111,17,100,100,84,8.1,1
S00112,16,46,56,82,1.7,1
S00113,19,67,66,75,1.7,1
S00114,19,80,79,97,8.6,1
S00115,19,73,63,73,3.8,1
S00116,20,67,59,48,0.8,1
S00117,16,65,51,64,1.0,1
S00118,20,63,65,70,1.9,1
S00119,22,48,72,90,2.5,1
S00120,20,91,96,85,6.8,1
S00121,16,75,52,55,2.0,1
S00122,16,49,65,70,1.6,1
S00123,22,75,86,99,7.8,1
S00124,16,95,61,100,6.9,1
S00125,16,71,61,74,4.6,1
S00126,19,67,84,76,5.7,1
S00127,22,72,54,56,3.5,1
S00128,18,68,75,70,5.1,1
S00129,18,78,52,82,5.3,1
S00130,16,67,72,57,4.2,1
S00131,18,87,67,100,9.1,1
S00132,18,71,52,58,0.7,1
S00133,16,57,82,87,7.9,1
S00134,18,68,65,69,1.7,1
S00135,20,99,85,98,8.1,1
S00136,17,73,66,83,6.4,1
S00137,22,100,75,75,8.5,1
S00138,17,49,43,69,1.4,1
S00139,16,70,82,91,5.8,1
S00140,19,67,79,67,5.3,1
S00141,22,95,92,92,7.2,1
S00142,16,56,72,81,5.6,1
S00143,19,97,57,79,5.6,1
S00144,17,70,71,68,4.6,1
S00145,16,76,70,68,3.4,1
S00146,22,82,62,81,5.1,1
S00147,22,63,50,60,1.6,1
S00148,21,86,99,80,9.6,1
S00149,20,99,86,72,7.3,1
S00150,18,87,100,93,9.5,1
S00151,19,57,88,74,2.7,1
S00152,21,100,73,88,8.9,1
S00153,18,90,83,100,8.2,1
S00154,18,99,85,63,6.9,1
S00155,16,80,86,85,6.4,1
S00156,18,61,82,51,3.5,1
S00157,20,91,97,85,8.3,1
S00158,22,71,91,80,5.3,1
S00159,21,52,62,62,1.2,1
S00160,18,79,63,50,3.5,1
S00161,16,100,100,89,9.4,1
S00162,20,86,92,88,8.6,1
S00163,17,83,91,100,9.8,1
S00164,22,79,69,65,6.5,1
S00165,22,73,70,85,2.9,1
S00166,21,66,77,39,2.0,1
S00167,22,79,60,53,2.3,1
S00168,18,66,58,64,0.7,1
S00169,16,59,76,77,4.2,1
S00170,22,58,71,84,2.3,1
S00171,22,56,71,76,4.4,1
S00172,17,100,88,89,9.4,1
S00173,17,49,68,80,4.6,1
S00174,19,75,77,62,8.8,1
S00175,20,74,72,69,6.3,1
S00176,18,73,58,56,2.8,1
S00177,22,64,53,83,3.9,1
S00178,22,56,74,78,1.3,1
S00179,16,66,75,92,3.7,1
S00180,19,85,85,88,6.9,1
S00181,20,45,77,74,1.2,1
S00182,19,54,75,69,2.5,1
S00183,21,92,63,68,4.1,1
S00184,20,99,100,79,9.8,1
S00185,22,96,99,73,8.0,1
S00186,22,86,72,69,7.5,1
S00187,20,60,74,73,1.6,1
S00188,22,92,81,81,7.9,1
S00189,18,96,99,78,8.0,1
S00190,20,90,77,58,6.2,1
S00191,19,93,88,82,9.9,1
S00192,20,81,66,68,3.6,1
S00193,22,63,81,73,9.4,1
S00194,18,100,74,100,9.2,1
S00195,18,52,29,47,0.6,1
S00196,21,81,63,88,4.8,1
S00197,19,86,100,90,9.8,1
S00198,17,45,68,59,1.5,1
S00199,17,82,100,75,5.7,1
S00200,20,76,90,92,9.8,1
S00201,21,73,73,81,5.8,1
S00202,16,54,86,57,2.3,1
S00203,20,77,84,85,6.0,1
S00204,21,74,55,65,2.4,1
S00205,19,71,85,63,5.4,1
S00206,19,64,77,59,1.2,1
S00207,19,89,64,96,6.3,1
S00208,19,69,83,80,5.4,1
S00209,19,78,69,84,7.5,1
S00210,21,97,96,76,6.5,1
S00211,21,77,81,75,5.7,1
S00212,18,90,92,85,7.1,1
S00213,17,69,62,63,1.9,1
S00214,22,65,59,85,6.2,1
S00215,19,54,60,70,2.1,1
S00216,16,97,100,77,9.3,1
S00217,22,35,85,69,1.1,1
S00218,21,71,78,64,4.6,1
S00219,16,73,76,72,7.1,1
S00220,16,88,82,75,4.9,1
S00221,16,65,72,67,1.4,1
S00222,18,92,81,85,5.8,1
S00223,21,81,83,57,6.6,1
S00224,16,82,87,92,7.2,1
S00225,19,67,73,77,4.0,1
S00226,20,73,83,71,5.9,1
S00227,16,100,97,73,4.8,1
S00228,18,92,59,84,6.9,1
S00229,22,66,77,41,6.0,1
S00230,21,100,67,64,5.5,1
S00231,18,62,82,82,2.9,1
S00232,16,61,57,55,0.5,1
S00233,21,75,72,66,2.2,1
S00234,20,43,80,64,1.6,1
S00235,16,64,62,83,4.8,1
S00236,18,100,75,76,6.3,1
S00237,17,62,82,64,2.5,1
S00238,19,100,79,92,9.4,1
S00239,22,52,53,71,0.6,1
S00240,18,85,67,98,7.8,1
S00241,21,100,98,77,6.4,1
S00242,16,76,65,67,4.0,1
S00243,19,55,65,62,1.0,1
S00244,16,73,90,95,6.5,1
S00245,21,65,63,82,4.2,1
S00246,16,100,70,85,9.4,1
S00247,17,87,76,60,5.6,1
S00248,19,79,90,100,9.4,1
S00249,19,66,66,82,2.6,1
S00250,21,84,84,71,7.4,1
S00251,22,84,75,76,6.4,1
S00252,17,78,79,94,7.5,1
S00253,18,78,70,72,2.5,1
S00254,16,82,73,60,6.8,1
S00255,20,80,76,64,5.2,1
S00256,16,76,79,91,7.6,1
S00257,16,61,74,74,3.6,1
S00258,18,100,100,96,9.0,1
S00259,16,82,76,73,1.3,1
S00260,17,87,100,89,8.2,1
S00261,17,100,86,92,8.7,1
S00262,19,100,86,80,8.3,1
S00263,21,69,62,79,5.4,1
S00264,22,65,71,78,4.7,1
S00265,20,100,91,100,10.0,1
S00266,16,69,60,60,2.7,1
S00267,16,73,71,86,5.7,1
S00268,18,91,63,81,6.9,1
S00269,21,66,68,91,7.2,1
S00270,17,66,67,66,2.4,1
S00271,20,67,83,94,6.7,1
S00272,19,74,94,78,8.3,1
S00273,17,51,58,65,1.0,1
S00274,21,96,92,94,9.2,1
S00275,22,50,75,55,0.8,1
S00276,19,56,71,76,3.9,1
S00277,22,64,52,73,0.7,1
S00278,18,78,47,63,1.2,1
S00279,18,99,100,98,9.2,1
S00280,16,92,51,65,3.9,1
S00281,22,90,64,62,4.5,1
S00282,21,59,72,76,2.5,1
S00283,20,87,58,74,6.2,1
S00284,19,79,73,61,6.2,1
S00285,17,84,74,64,4.0,1
S00286,21,69,66,87,3.7,1
S00287,21,81,79,100,8.9,1
S00288,18,88,65,61,4.1,1
S00289,22,80,87,61,5.2,1
S00290,16,60,91,66,3.2,1
S00291,16,81,89,97,8.0,1
S00292,19,64,49,72,4.3,1
S00293,18,65,84,75,5.4,1
S00294,21,61,63,63,2.9,1
S00295,20,99,81,89,9.9,1
S00296,18,69,60,80,3.3,1
S00297,19,81,78,86,7.8,1
S00298,19,91,58,72,4.6,1
S00299,18,41,66,75,2.5,1
S00300,19,91,100,87,8.1,1
S00301,18,68,58,82,3.7,1
S00302,17,78,100,80,8.7,1
S00303,18,96,94,92,9.2,1
S00304,22,87,89,98,8.7,1
S00305,18,73,56,80,0.8,1
S00306,19,97,78,74,8.0,1
S00307,22,95,77,72,4.4,1
S00308,19,84,97,74,8.8,1
S00309,16,98,53,70,6.6,1
S00310,16,75,100,87,8.4,1
S00311,22,74,55,54,5.2,1
S00312,17,72,72,83,5.6,1
S00313,16,70,34,72,1.9,1
S00314,18,94,84,84,7.9,1
S00315,19,62,69,65,4.5,1
S00316,16,84,71,74,5.3,1
S00317,16,82,91,100,8.0,1
S00318,17,70,78,74,6.2,1
S00319,22,64,73,59,2.4,1
S00320,22,62,65,54,6.1,1
S00321,21,84,75,86,4.4,1
S00322,17,74,68,62,5.0,1
S00323,18,58,56,64,0.8,1
S00324,22,64,70,91,2.5,1
S00325,19,88,63,74,3.2,1
S00326,17,100,83,87,7.3,1
S00327,16,74,45,58,0.6,1
S00328,19,72,87,78,4.4,1
S00329,19,79,100,91,9.3,1
S00330,16,61,64,71,1.6,1
S00331,17,80,75,51,5.4,1
S00332,16,97,86,90,8.0,1
S00333,21,97,100,95,9.5,1
S00334,19,73,94,100,7.6,1
S00335,20,78,98,83,7.3,1
S00336,20,81,85,89,8.4,1
S00337,18,80,81,79,4.7,1
S00338,22,95,100,91,8.2,1
S00339,16,66,48,48,0.6,1
S00340,16,96,80,99,9.3,1
S00341,18,49,78,65,4.7,1
S00342,18,57,64,83,5.8,1
S00343,18,65,46,60,2.9,1
S00344,19,87,100,82,7.6,1
S00345,21,75,78,59,1.2,1
S00346,16,91,76,85,8.8,1
S00347,19,77,72,86,8.4,1
S00348,18,73,59,72,2.6,1
S00349,16,88,100,85,8.2,1
S00350,19,82,82,95,8.0,1
S00351,21,62,83,75,6.5,1
S00352,19,72,76,78,4.0,1
S00353,21,70,71,61,3.1,1
S00354,18,54,85,88,2.7,1
S00355,21,78,62,76,3.5,1
S00356,16,99,90,81,9.1,1
S00357,18,60,64,83,1.2,1
S00358,16,89,88,93,8.4,1
S00359,20,82,57,65,3.8,1
S00360,17,81,60,76,5.5,1
S00361,21,79,69,73,8.0,1
S00362,17,88,100,76,8.9,1
S00363,17,77,62,85,3.8,1
S00364,21,50,81,66,4.9,1
S00365,18,61,75,59,4.4,1
S00366,20,66,48,69,0.6,1
S00367,16,83,58,89,3.3,1
S00368,19,87,77,88,4.9,1
S00369,16,83,75,99,4.4,1
S00370,19,86,91,100,7.4,1
S00371,16,59,67,64,4.2,1
S00372,21,73,66,73,5.1,1
S00373,20,49,76,57,4.6,1
S00374,19,100,100,71,7.5,1
S00375,22,80,68,100,8.7,1
S00376,18,71,69,81,5.6,1
S00377,16,100,94,100,8.0,1
S00378,16,49,72,61,3.3,1
S00379,19,63,86,72,5.6,1
S00380,18,73,66,79,3.8,1
S00381,18,79,54,86,4.4,1
S00382,21,84,100,66,7.5,1
S00383,22,90,100,86,8.9,1
S00384,21,77,63,70,1.7,1
S00385,21,89,72,89,6.5,1
S00386,21,85,74,90,6.0,1
S00387,21,71,66,64,1.6,1
S00388,21,61,63,54,2.5,1
S00389,20,95,70,50,3.5,1
S00390,18,36,84,65,2.1,1
S00391,21,84,79,66,2.8,1
S00392,18,78,54,61,3.0,1
S00393,18,73,72,82,3.7,1
S00394,17,86,80,72,7.6,1
S00395,20,77,83,72,5.9,1
S00396,21,100,94,100,9.9,1
S00397,16,72,100,66,4.4,1
S00398,19,77,91,88,7.7,1
S00399,22,100,89,88,8.8,1
S00400,16,100,100,85,7.0,1
S00401,20,49,76,84,4.4,1
S00402,19,100,68,88,7.7,1
S00403,20,52,65,52,2.4,1
S00404,18,58,78,58,3.6,1
S00405,19,63,84,81,5.7,1
S00406,18,79,92,69,6.0,1
S00407,16,42,62,73,0.7,1
S00408,16,79,94,94,9.5,1
S00409,19,75,67,64,7.1,1
S00410,19,77,95,97,5.2,1
S00411,21,95,89,86,9.4,1
S00412,20,89,63,73,4.7,1
S00413,21,100,100,96,9.8,1
S00414,20,89,98,76,5.4,1
S00415,21,58,58,76,1.6,1
S00416,18,64,64,74,7.8,1
S00417,19,60,75,95,6.9,1
S00418,16,98,100,92,7.8,1
S00419,20,100,95,82,9.5,1
S00420,20,79,71,88,7.9,1
S00421,16,63,90,93,6.3,1
S00422,21,77,87,93,8.6,1
S00423,20,85,75,84,6.9,1
S00424,22,75,67,81,4.4,1
S00425,18,100,100,96,8.9,1
S00426,19,60,73,63,2.6,1
S00427,16,81,67,85,7.3,1
S00428,19,100,95,98,8.9,1
S00429,22,59,86,85,7.4,1
S00430,20,87,79,75,7.1,1
S00431,20,82,82,88,7.7,1
S00432,22,83,65,71,4.9,1
S00433,16,96,82,95,8.8,1
S00434,18,56,70,83,2.4,1
S00435,17,56,60,73,1.7,1
S00436,16,40,76,61,3.2,1
S00437,17,86,68,81,5.5,1
S00438,22,79,86,49,5.4,1
S00439,21,100,100,85,8.3,1
S00440,17,67,73,84,4.3,1
S00441,18,86,83,81,5.1,1
S00442,21,45,66,63,0.6,1
S00443,17,40,68,98,4.4,1
S00444,22,81,89,63,6.7,1
S00445,21,51,32,46,0.6,1
S00446,22,55,37,76,3.2,1
S00447,17,76,63,78,2.5,1
S00448,22,73,68,73,0.9,1
S00449,18,77,75,70,5.1,1
S00450,17,62,74,58,2.2,1
S00451,17,86,71,73,7.6,1
S00452,17,82,100,91,8.6,1
S00453,16,85,98,67,5.7,1
S00454,16,76,86,100,9.8,1
S00455,16,61,84,75,4.8,1
S00456,18,67,78,70,5.4,1
S00457,21,100,100,84,9.9,1
S00458,22,62,87,52,2.7,1
S00459,20,100,97,82,9.5,1
S00460,17,68,70,57,0.9,1
S00461,22,64,60,80,4.7,1
S00462,17,67,70,63,1.2,1
S00463,18,80,100,74,7.4,1
S00464,17,86,70,67,6.3,1
S00465,16,94,80,80,7.2,1
S00466,20,85,81,51,4.1,1
S00467,19,73,78,69,4.0,1
S00468,17,78,44,75,0.9,1
S00469,22,75,73,70,3.8,1
S00470,16,94,88,92,9.3,1
S00471,19,68,61,74,4.1,1
S00472,20,81,100,72,8.4,1
S00473,19,94,89,100,8.5,1
S00474,16,72,84,68,4.0,1
S00475,21,84,68,81,6.5,1
S00476,21,66,69,57,1.4,1
S00477,19,64,75,77,1.5,1
S00478,18,83,58,47,1.0,1
S00479,22,73,74,94,6.0,1
S00480,22,78,58,71,4.5,1
S00481,19,75,68,72,5.7,1
S00482,17,47,72,71,5.5,1
S00483,17,68,60,92,3.8,1
S00484,22,71,74,64,6.9,1
S00485,22,85,88,79,7.7,1
S00486,21,57,63,48,0.6,1
S00487,18,70,80,48,2.5,1
S00488,16,78,76,98,7.3,1
S00489,17,67,73,73,4.2,1
S00490,22,91,78,69,6.8,1
S00491,21,60,66,81,3.8,1
S00492,20,50,69,69,4.2,1
S00493,21,65,62,59,2.0,1
S00494,17,80,71,76,3.0,1
S00495,17,88,77,76,6.3,1
S00496,21,76,89,64,4.6,1
S00497,16,100,67,93,7.9,1
S00498,19,100,100,86,8.6,1
S00499,17,73,74,86,5.6,1
S00500,21,89,84,80,7.7,1
S00501,22,72,70,82,3.4,1
S00502,21,72,82,74,4.4,1
S00503,18,98,74,95,7.3,1
S00504,19,70,65,85,4.2,1
S00505,20,73,86,93,6.1,1
S00506,16,33,45,68,2.3,1
S00507,20,70,80,84,6.2,1
S00508,19,74,80,85,8.7,1
S00509,19,90,78,78,8.8,1
S00510,19,70,65,100,7.4,1
S00511,20,93,95,76,7.6,1
S00512,22,92,81,89,5.8,1
S00513,19,79,72,88,6.1,1
S00514,21,50,62,68,1.8,1
S00515,20,77,62,73,4.7,1
S00516,19,97,69,74,4.8,1
S00517,21,100,91,83,9.6,1
S00518,22,57,75,76,4.6,1
S00519,18,60,83,65,5.7,1
S00520,22,57,57,86,5.6,1
S00521,19,67,86,78,6.5,1
S00522,20,88,65,74,7.6,1
S00523,17,59,72,54,2.6,1
S00524,19,67,75,76,5.5,1
S00525,17,100,100,85,8.3,1
S00526,21,81,68,70,4.9,1
S00527,18,47,78,75,3.1,1
S00528,16,94,68,85,6.7,1
S00529,22,94,90,87,8.3,1
S00530,18,66,37,53,1.1,1
S00531,19,80,98,77,7.9,1
S00532,17,86,100,71,8.3,1
S00533,22,51,67,74,4.9,1
S00534,17,100,96,98,9.8,1
S00535,20,75,93,72,8.0,1
S00536,17,76,68,79,7.8,1
S00537,20,75,77,84,7.6,1
S00538,21,84,54,72,1.9,1
S00539,22,57,96,52,2.6,1
S00540,22,86,88,100,4.9,1
S00541,16,67,66,78,3.0,1
S00542,19,63,83,67,4.4,1
S00543,20,78,93,77,8.9,1
S00544,16,81,96,90,8.3,1
S00545,17,80,69,86,6.5,1
S00546,17,97,100,77,8.7,1
S00547,16,81,78,73,7.9,1
S00548,22,67,66,65,4.6,1
S00549,17,54,73,68,2.4,1
S00550,21,62,82,78,5.4,1
S00551,21,70,86,100,7.5,1
S00552,16,85,85,51,4.6,1
S00553,20,76,69,74,6.8,1
S00554,20,55,84,59,1.4,1
S00555,16,77,80,90,7.6,1
S00556,20,84,87,92,8.2,1
S00557,22,88,100,81,7.2,1
S00558,22,88,85,100,9.7,1
S00559,20,91,100,75,8.4,1
S00560,21,100,89,81,9.1,1
S00561,20,83,83,76,9.4,1
S00562,22,82,83,84,8.1,1
S00563,18,90,90,78,6.9,1
S00564,19,75,71,71,0.6,1
S00565,17,60,78,96,4.9,1
S00566,18,58,60,95,5.9,1
S00567,20,69,78,57,3.4,1
S00568,21,68,69,72,3.5,1
S00569,16,100,80,99,9.6,1
S00570,20,98,95,96,9.0,1
S00571,21,89,100,100,8.6,1
S00572,19,85,74,72,4.4,1
S00573,20,49,70,63,0.6,1
S00574,22,63,67,89,1.3,1
S00575,16,54,76,76,3.5,1
S00576,21,57,56,55,0.6,1
S00577,21,40,69,52,0.7,1
S00578,21,78,100,92,9.2,1
S00579,19,100,94,95,7.2,1
S00580,20,47,66,82,3.4,1
S00581,19,60,76,56,1.8,1
S00582,17,87,82,78,5.4,1
S00583,17,84,48,57,0.6,1
S00584,20,95,88,88,9.4,1
S00585,22,75,67,84,4.4,1
S00586,19,73,49,73,4.3,1
S00587,16,84,85,81,4.2,1
S00588,21,65,99,71,1.2,1
S00589,21,74,97,74,6.6,1
S00590,20,98,87,98,7.5,1
S00591,22,77,77,70,6.9,1
S00592,17,43,53,52,1.8,1
S00593,17,60,82,74,6.0,1
S00594,21,76,91,68,5.9,1
S00595,20,91,82,94,8.7,1
S00596,19,83,100,100,4.1,1
S00597,17,79,56,85,4.0,1
S00598,19,82,84,71,6.4,1
S00599,22,93,83,70,6.5,1
S00600,17,75,76,87,5.0,1
S00601,17,58,68,62,4.7,1
S00602,18,58,78,66,5.2,1
S00603,17,100,85,92,8.7,1
S00604,16,48,91,70,4.9,1
S00605,20,90,100,91,9.4,1
S00606,20,100,72,73,5.3,1
S00607,19,99,73,90,9.5,1
S00608,22,86,93,96,8.4,1
S00609,17,50,75,79,3.9,1
S00610,16,100,91,98,8.7,1
S00611,19,76,69,72,1.5,1
S00612,18,100,100,98,9.3,1
S00613,19,81,92,81,6.5,1
S00614,19,66,67,47,1.0,1
S00615,17,80,91,80,6.6,1
S00616,18,83,97,95,9.8,1
S00617,19,71,50,65,1.2,1
S00618,16,78,96,83,5.8,1
S00619,16,92,87,100,7.6,1
S00620,20,86,77,81,8.2,1
S00621,18,78,60,70,4.4,1
S00622,18,64,55,81,2.4,1
S00623,20,57,46,64,0.9,1
S00624,19,79,88,84,6.0,1
S00625,18,100,73,69,4.8,1
S00626,16,100,100,82,9.5,1
S00627,16,90,75,50,1.1,1
S00628,17,83,95,84,7.0,1
S00629,18,54,67,51,0.7,1
S00630,19,51,68,55,2.1,1
S00631,20,93,73,83,4.8,1
S00632,20,63,74,68,4.8,1
S00633,19,100,91,69,7.0,1
S00634,22,79,80,75,9.1,1
S00635,21,92,81,91,6.6,1
S00636,17,74,85,90,9.6,1
S00637,20,85,100,84,8.9,1
S00638,18,80,89,81,6.1,1
S00639,17,81,100,88,8.4,1
S00640,18,79,73,75,6.6,1
S00641,22,58,54,60,1.2,1
S00642,16,95,86,92,7.5,1
S00643,17,36,54,74,1.4,1
S00644,20,73,87,70,6.1,1
S00645,17,99,84,97,7.2,1
S00646,17,66,55,86,1.1,1
S00647,17,81,80,65,2.7,1
S00648,21,100,70,86,9.2,1
S00649,17,68,88,71,6.4,1
S00650,18,74,61,62,2.8,1
S00651,16,85,94,86,7.1,1
S00652,22,100,93,100,6.2,1
S00653,19,86,50,85,5.3,1
S00654,17,100,92,88,9.8,1
S00655,20,91,84,78,7.0,1
S00656,17,77,44,66,4.1,1
S00657,20,93,91,98,8.1,1
S00658,18,87,84,86,8.9,1
S00659,20,68,49,70,1.7,1
S00660,19,76,58,65,2.4,1
S00661,16,78,57,92,2.6,1
S00662,20,95,77,77,7.1,1
S00663,20,98,83,72,6.2,1
S00664,16,94,93,75,6.4,1
S00665,19,100,92,95,9.4,1
S00666,17,73,100,100,7.9,1
S00667,20,48,51,70,1.7,1
S00668,16,67,73,80,3.8,1
S00669,18,74,100,81,4.6,1
S00670,16,89,54,55,4.3,1
S00671,18,49,64,82,6.9,1
S00672,19,79,100,85,9.0,1
S00673,17,66,73,69,3.4,1
S00674,16,66,71,69,5.7,1
S00675,22,77,74,95,8.0,1
S00676,22,67,74,75,4.5,1
S00677,21,52,67,67,2.1,1
S00678,20,66,78,74,5.0,1
S00679,19,75,47,56,1.0,1
S00680,16,100,89,71,9.5,1
S00681,22,69,55,67,1.2,1
S00682,20,73,83,76,4.7,1
S00683,22,89,65,83,5.5,1
S00684,16,100,96,92,9.9,1
S00685,18,71,97,55,2.1,1
S00686,16,54,49,56,1.6,1
S00687,21,52,50,77,0.6,1
S00688,16,76,63,70,2.0,1
S00689,16,59,31,77,2.5,1
S00690,21,66,65,91,6.5,1
S00691,19,59,71,57,2.6,1
S00692,16,77,58,58,0.7,1
S00693,21,82,100,94,8.4,1
S00694,20,75,69,64,4.0,1
S00695,18,63,68,68,3.9,1
S00696,18,78,61,65,3.4,1
S00697,16,100,90,83,9.8,1
S00698,19,46,50,65,2.1,1
S00699,19,94,89,83,9.0,1
S00700,20,66,75,81,7.9,1
S00701,16,53,47,67,1.2,1
S00702,18,94,87,100,9.9,1
S00703,19,90,74,78,3.1,1
S00704,16,64,64,66,1.4,1
S00705,22,79,97,100,8.4,1
S00706,19,80,73,90,7.2,1
S00707,21,92,81,89,6.4,1
S00708,22,54,85,65,2.0,1
S00709,19,88,93,72,5.0,1
S00710,18,80,72,89,7.9,1
S00711,17,58,58,81,3.4,1
S00712,22,63,91,73,3.5,1
S00713,20,38,64,55,0.5,1
S00714,20,38,63,53,2.2,1
S00715,18,89,87,71,8.8,1
S00716,19,73,78,76,4.7,1
S00717,16,98,97,100,9.9,1
S00718,19,71,67,48,4.3,1
S00719,18,100,83,77,7.3,1
S00720,20,70,62,62,3.2,1
S00721,19,54,74,77,4.0,1
S00722,20,51,57,60,2.3,1
S00723,22,70,56,59,3.8,1
S00724,16,73,96,72,5.7,1
S00725,22,80,94,83,9.9,1
S00726,20,81,100,82,6.8,1
S00727,20,64,43,65,2.4,1
S00728,17,78,43,68,0.9,1
S00729,17,51,69,65,1.7,1
S00730,22,73,78,90,5.8,1
S00731,21,100,73,80,7.8,1
S00732,22,97,100,97,9.4,1
S00733,17,47,49,66,0.7,1
S00734,20,68,92,74,5.5,1
S00735,18,60,75,84,5.0,1
S00736,22,83,70,73,6.7,1
S00737,20,91,71,92,5.8,1
S00738,18,100,100,74,7.0,1
S00739,18,64,79,67,6.8,1
S00740,17,72,75,50,1.6,1
S00741,22,89,100,87,8.1,1
S00742,19,59,62,59,1.7,1
S00743,16,78,81,85,7.1,1
S00744,17,50,69,62,4.5,1
S00745,17,84,82,83,5.4,1
S00746,19,76,100,91,9.1,1
S00747,16,82,76,84,9.0,1
S00748,20,93,91,93,8.3,1
S00749,21,54,79,83,5.3,1
S00750,22,69,64,85,7.5,1
S00751,21,91,67,87,5.4,1
S00752,20,92,82,100,8.8,1
S00753,17,64,83,65,4.3,1
S00754,16,95,100,100,9.7,1
S00755,17,100,70,80,9.4,1
S00756,18,98,93,92,7.5,1
S00757,17,54,75,81,3.2,1
S00758,17,50,71,64,1.8,1
S00759,20,97,92,87,8.6,1
S00760,20,71,76,63,2.1,1
S00761,20,73,100,78,8.6,1
S00762,21,64,57,70,5.2,1
S00763,18,70,73,80,4.4,1
S00764,20,92,89,99,9.1,1
S00765,16,80,74,80,6.2,1
S00766,21,63,74,68,6.0,1
S00767,19,79,81,66,5.8,1
S00768,16,62,57,72,4.0,1
S00769,22,73,95,80,8.0,1
S00770,22,66,64,82,2.9,1
S00771,16,91,100,82,9.4,1
S00772,20,100,84,95,9.0,1
S00773,19,59,63,65,3.7,1
S00774,19,87,74,81,7.4,1
S00775,21,60,72,81,5.9,1
S00776,19,67,61,78,3.7,1
S00777,22,100,100,96,9.9,1
S00778,18,64,72,56,0.7,1
S00779,20,73,73,70,2.9,1
S00780,19,86,77,73,5.4,1
S00781,21,72,84,62,5.5,1
S00782,22,85,80,82,6.1,1
S00783,18,100,86,98,7.6,1
S00784,17,75,78,97,6.4,1
S00785,17,96,91,83,6.2,1
S00786,18,70,30,66,1.0,1
S00787,22,68,47,44,4.1,1
S00788,21,64,80,99,2.7,1
S00789,18,68,66,85,3.0,1
S00790,20,88,90,87,5.8,1
S00791,20,69,59,68,2.4,1
S00792,17,63,90,46,3.3,1
S00793,19,41,66,71,2.8,1
S00794,21,100,98,91,9.5,1
S00795,17,70,88,75,9.5,1
S00796,19,64,70,85,6.3,1
S00797,19,87,71,100,9.3,1
S00798,20,72,97,89,8.0,1
S00799,22,83,85,83,6.1,1
S00800,16,54,60,66,0.6,1
S00801,22,96,73,81,7.8,1
S00802,16,65,100,91,7.2,1
S00803,18,72,82,97,6.3,1
S00804,20,86,95,85,7.7,1
S00805,19,77,77,69,5.4,1
S00806,21,92,71,68,7.2,1
S00807,16,82,100,96,9.4,1
S00808,22,66,78,80,4.1,1
S00809,19,90,82,87,7.2,1
S00810,16,49,81,73,5.0,1
S00811,16,87,93,85,6.9,1
S00812,16,95,94,79,7.7,1
S00813,21,43,40,55,0.9,1
S00814,20,78,64,70,6.6,1
S00815,21,84,76,58,2.7,1
S00816,17,91,75,88,6.9,1
S00817,19,80,63,73,4.9,1
S00818,20,98,91,77,7.8,1
S00819,20,83,51,50,1.7,1
S00820,20,81,76,88,6.5,1
S00821,22,63,79,82,3.1,1
S00822,20,100,72,76,8.6,1
S00823,21,90,76,88,9.3,1
S00824,20,84,76,82,10.0,1
S00825,18,81,77,84,8.1,1
S00826,19,90,87,91,7.7,1
S00827,20,60,59,86,2.5,1
S00828,19,65,89,67,3.7,1
S00829,18,62,81,83,4.9,1
S00830,18,100,86,93,7.8,1
S00831,19,88,100,88,9.2,1
S00832,16,56,50,80,2.3,1
S00833,17,85,100,86,9.3,1
S00834,22,93,81,88,7.1,1
S00835,16,87,75,74,6.3,1
S00836,16,59,73,74,2.4,1
S00837,21,59,56,68,1.0,1
S00838,22,82,82,92,5.9,1
S00839,22,73,81,100,6.7,1
S00840,16,47,70,78,2.5,1
S00841,20,84,73,86,5.8,1
S00842,21,82,100,83,8.6,1
S00843,21,94,64,62,8.4,1
S00844,18,96,100,100,9.3,1
S00845,22,72,50,93,4.0,1
S00846,16,64,61,75,3.5,1
S00847,18,78,92,73,7.6,1
S00848,19,60,50,90,4.6,1
S00849,17,53,64,76,1.3,1
S00850,21,75,53,48,3.2,1
S00851,19,90,62,76,4.5,1
S00852,19,83,57,73,3.3,1
S00853,20,72,55,54,3.7,1
S00854,17,85,49,59,3.3,1
S00855,19,55,85,75,0.9,1
S00856,19,66,80,82,6.6,1
S00857,17,100,66,69,6.2,1
S00858,17,88,76,74,6.7,1
S00859,19,46,66,54,2.3,1
S00860,17,87,65,71,3.3,1
S00861,19,72,66,89,6.4,1
S00862,19,73,70,93,6.2,1
S00863,20,88,91,70,5.3,1
S00864,16,87,55,68,3.8,1
S00865,19,80,68,95,9.2,1
S00866,18,87,66,82,3.7,1
S00867,21,85,52,79,4.8,1
S00868,22,73,72,96,6.9,1
S00869,16,75,64,98,5.7,1
S00870,16,88,57,54,3.8,1
S00871,16,55,75,91,4.6,1
S00872,20,100,90,100,8.0,1
S00873,19,78,59,57,3.1,1
S00874,20,69,63,71,1.9,1
S00875,19,71,60,78,3.5,1
S00876,20,100,94,76,8.6,1
S00877,20,86,44,63,1.3,1
S00878,21,87,97,93,9.9,1
S00879,18,85,81,66,5.6,1
S00880,20,100,100,88,9.9,1
S00881,21,83,72,100,9.4,1
S00882,17,77,100,94,4.8,1
S00883,18,77,75,56,2.4,1
S00884,20,39,87,37,2.1,1
S00885,22,76,79,83,2.8,1
S00886,16,71,73,100,7.2,1
S00887,17,70,77,80,3.1,1
S00888,17,84,63,69,3.7,1
S00889,21,46,74,63,4.8,1
S00890,17,100,78,96,9.2,1
S00891,18,89,58,79,2.3,1
S00892,20,51,70,54,0.5,1
S00893,20,66,66,67,1.1,1
S00894,22,100,100,84,9.1,1
S00895,16,63,66,90,6.7,1
S00896,21,76,46,47,3.1,1
S00897,16,76,79,71,2.2,1
S00898,17,76,82,67,3.3,1
S00899,22,62,66,85,1.6,1
S00900,16,81,98,94,9.4,1
S00901,18,100,97,93,7.9,1
S00902,20,75,78,65,4.9,1
S00903,17,79,97,85,8.7,1
S00904,22,63,78,74,2.9,1
S00905,16,89,84,79,7.3,1
S00906,21,71,86,85,8.6,1
S00907,18,71,76,75,3.9,1
S00908,18,81,100,66,7.7,1
S00909,16,84,59,65,3.3,1
S00910,20,46,64,79,3.3,1
S00911,16,72,42,60,1.5,1
S00912,17,91,80,100,4.7,1
S00913,16,63,79,85,7.4,1
S00914,18,72,76,70,9.4,1
S00915,22,100,80,85,6.2,1
S00916,16,79,100,76,8.7,1
S00917,20,100,84,90,8.3,1
S00918,22,42,62,60,2.1,1
S00919,21,77,94,71,5.1,1
S00920,19,61,63,77,1.6,1
S00921,16,81,69,65,7.0,1
S00922,20,99,100,85,9.5,1
S00923,22,68,77,59,1.8,1
S00924,20,83,83,99,7.5,1
S00925,21,69,83,77,6.5,1
S00926,18,92,64,69,6.0,1
S00927,20,79,63,76,4.2,1
S00928,22,72,68,63,3.9,1
S00929,20,66,61,55,0.9,1
S00930,20,75,59,76,2.6,1
S00931,20,48,55,30,0.6,1
S00932,17,86,78,69,6.0,1
S00933,17,54,51,57,1.5,1
S00934,18,100,87,100,8.8,1
S00935,16,75,92,82,5.5,1
S00936,20,91,77,82,7.1,1
S00937,21,67,63,73,4.4,1
S00938,16,86,100,80,5.8,1
S00939,21,81,96,93,9.5,1
S00940,16,61,53,66,1.3,1
S00941,18,78,76,91,2.9,1
S00942,20,92,90,80,7.9,1
S00943,20,63,55,66,1.4,1
S00944,19,81,61,64,1.2,1
S00945,21,83,68,83,3.9,1
S00946,16,71,74,57,1.4,1
S00947,16,87,88,75,6.1,1
S00948,17,75,41,52,2.6,1
S00949,19,100,100,100,9.0,1
S00950,22,82,84,69,7.9,1
S00951,22,96,100,89,7.1,1
S00952,17,85,90,99,6.4,1
S00953,17,85,93,100,8.7,1
S00954,17,64,66,65,2.6,1
S00955,21,93,100,84,8.8,1
S00956,21,77,84,85,8.0,1
S00957,18,96,78,94,7.6,1
S00958,18,77,72,77,5.8,1
S00959,17,67,68,66,2.8,1
S00960,19,89,74,86,4.5,1
S00961,16,89,99,86,8.0,1
S00962,21,77,69,61,0.8,1
S00963,19,80,96,76,7.9,1
S00964,20,53,65,80,2.8,1
S00965,21,59,72,69,1.9,1
S00966,21,28,72,65,1.6,1
S00967,18,69,59,42,0.8,1
S00968,16,65,81,88,5.5,1
S00969,16,58,76,56,2.6,1
S00970,22,100,97,97,9.9,1
S00971,22,80,83,71,6.0,1
S00972,22,57,81,54,1.8,1
S00973,22,59,86,93,7.0,1
S00974,20,100,84,90,9.0,1
S00975,20,94,70,85,7.6,1
S00976,21,84,63,85,1.2,1
S00977,17,84,87,100,9.0,1
S00978,18,70,97,83,8.0,1
S00979,18,75,84,52,2.0,1
S00980,22,57,48,79,1.0,1
S00981,21,86,68,64,5.8,1
S00982,19,82,64,72,2.0,1
S00983,17,93,79,84,8.4,1
S00984,21,73,69,73,3.9,1
S00985,17,95,86,100,9.2,1
S00986,17,59,67,70,5.9,1
S00987,17,77,75,60,2.2,1
S00988,21,76,65,74,1.8,1
S00989,22,85,100,99,6.0,1
S00990,18,68,91,100,7.7,1
S00991,18,85,100,69,7.9,1
S00992,22,85,60,65,3.1,1
S00993,17,58,57,56,2.4,1
S00994,19,72,86,72,0.7,1
S00995,16,84,76,83,7.0,1
S00996,21,68,50,73,1.2,1
S00997,16,68,60,70,4.5,1
S00998,22,81,100,88,6.2,1
S00999,19,98,89,88,9.4,1
S01000,21,56,75,73,3.5,1
S01001,22,70,70,63,2.9,1
S01002,17,50,74,96,6.7,1
S01003,18,73,78,67,6.4,1
S01004,16,76,81,71,3.7,1
S01005,20,100,78,100,9.3,1
S01006,20,95,97,100,8.5,1
S01007,19,49,84,59,2.6,1
S01008,17,79,71,60,2.8,1
S01009,16,63,94,83,5.4,1
S01010,17,94,70,92,7.8,1
S01011,16,45,38,76,0.9,1
S01012,19,74,87,67,7.1,1
S01013,19,70,75,96,6.7,1
S01014,20,67,78,59,2.7,1
S01015,17,81,80,97,7.0,1
S01016,21,99,94,72,9.4,1
S01017,20,58,61,51,0.9,1
S01018,17,51,72,90,3.5,1
S01019,20,77,68,95,4.7,1
S01020,21,70,75,90,9.0,1
S01021,18,83,91,87,9.6,1
S01022,18,69,92,75,4.7,1
S01023,18,80,79,89,7.6,1
S01024,18,58,71,83,5.6,1
S01025,22,94,80,75,5.6,1
S01026,16,87,55,49,3.1,1
S01027,22,92,79,62,2.6,1
S01028,22,82,56,53,3.2,1
S01029,22,73,76,87,5.8,1
S01030,18,53,91,67,0.8,1
S01031,21,86,78,88,9.1,1
S01032,19,87,82,64,2.0,1
S01033,19,64,68,90,2.6,1
S01034,16,92,81,90,5.4,1
S01035,18,98,75,85,7.2,1
S01036,18,63,72,59,1.4,1
S01037,18,52,66,85,3.5,1
S01038,20,93,80,92,9.7,1
S01039,17,69,86,62,3.0,1
S01040,20,84,66,65,3.5,1
S01041,17,89,67,94,8.4,1
S01042,18,44,58,74,1.0,1
S01043,18,86,85,83,4.9,1
S01044,20,69,80,80,4.1,1
S01045,20,38,63,68,3.5,1
S01046,17,72,57,64,3.2,1
S01047,19,67,46,66,1.4,1
S01048,17,59,70,70,3.5,1
S01049,20,56,62,52,0.9,1
S01050,21,94,96,85,7.9,1
S01051,20,76,72,81,4.3,1
S01052,21,55,73,71,4.7,1
S01053,16,100,88,100,9.0,1
S01054,20,100,85,68,6.8,1
S01055,16,51,58,53,0.6,1
S01056,19,70,100,84,9.5,1
S01057,17,75,71,78,2.8,1
S01058,21,53,64,67,1.5,1
S01059,17,93,86,75,7.8,1
S01060,16,100,66,56,5.3,1
S01061,21,55,74,62,4.6,1
S01062,17,57,60,50,2.9,1
S01063,20,75,83,88,5.7,1
S01064,18,83,66,58,3.1,1
S01065,16,100,100,97,9.1,1
S01066,17,68,51,74,2.5,1
S01067,16,71,54,100,8.9,1
S01068,22,74,82,71,5.8,1
S01069,16,79,81,91,8.4,1
S01070,21,93,87,85,7.3,1
S01071,22,88,69,84,7.1,1
S01072,21,57,94,71,3.6,1
S01073,18,56,63,78,2.7,1
S01074,22,61,58,76,2.5,1
S01075,20,87,100,87,8.6,1
S01076,16,88,99,82,8.3,1
S01077,17,74,92,69,4.7,1
S01078,19,77,62,66,1.8,1
S01079,16,67,73,76,4.1,1
S01080,16,74,74,79,6.4,1
S01081,18,58,67,61,4.8,1
S01082,20,84,92,82,7.9,1
S01083,19,98,91,86,10.0,1
S01084,22,44,92,68,2.3,1
S01085,22,70,86,100,4.9,1
S01086,22,87,97,79,4.6,1
S01087,21,76,43,85,3.4,1
S01088,21,69,89,60,2.4,1
S01089,17,67,33,64,1.1,1
S01090,19,84,76,100,8.9,1
S01091,22,65,53,57,4.5,1
S01092,21,91,80,74,5.2,1
S01093,17,100,92,96,9.2,1
S01094,20,78,97,84,7.9,1
S01095,17,39,62,59,1.7,1
S01096,21,70,94,73,5.9,1
S01097,18,80,64,79,4.7,1
S01098,18,80,100,69,8.1,1
S01099,22,89,85,85,7.4,1
S01100,18,100,100,91,7.1,1
S01101,22,69,82,68,3.7,1
S01102,22,90,84,69,8.1,1
S01103,21,67,60,58,1.0,1
S01104,18,50,52,65,2.0,1
S01105,22,61,75,60,3.7,1
S01106,19,69,58,64,1.2,1
S01107,20,66,76,71,2.7,1
S01108,17,90,73,100,8.4,1
S01109,17,93,89,89,9.5,1
S01110,21,80,56,72,3.4,1
S01111,18,72,55,64,3.0,1
S01112,18,73,76,65,3.2,1
S01113,22,82,82,78,3.1,1
S01114,16,77,32,60,0.8,1
S01115,22,100,100,99,9.3,1
S01116,20,58,83,67,2.5,1
S01117,19,100,58,62,4.5,1
S01118,17,44,69,54,0.6,1
S01119,22,100,85,100,8.7,1
S01120,16,77,84,83,7.4,1
S01121,16,92,100,73,9.5,1
S01122,22,87,93,73,7.9,1
S01123,21,59,63,63,3.5,1
S01124,17,68,61,59,2.9,1
S01125,21,74,78,71,7.1,1
S01126,19,56,86,89,4.0,1
S01127,16,78,57,86,5.9,1
S01128,16,76,57,60,0.6,1
S01129,20,56,80,57,1.1,1
S01130,19,89,87,76,5.6,1
S01131,16,68,92,98,5.9,1
S01132,19,70,84,75,7.6,1
S01133,17,68,50,48,1.8,1
S01134,18,98,78,85,5.4,1
S01135,16,67,57,78,2.3,1
S01136,20,71,89,80,1.4,1
S01137,17,91,72,70,4.4,1
S01138,22,63,73,63,2.1,1
S01139,19,64,87,90,2.6,1
S01140,22,75,57,78,3.5,1
S01141,21,75,41,69,3.0,1
S01142,17,43,68,70,1.3,1
S01143,22,64,70,60,1.4,1
S01144,16,64,61,71,2.3,1
S01145,19,50,47,66,1.0,1
S01146,18,80,85,90,6.5,1
S01147,17,54,69,59,3.2,1
S01148,16,50,73,74,3.2,1
S01149,20,71,57,59,3.7,1
S01150,21,93,87,100,6.8,1
S01151,19,86,100,84,8.8,1
S01152,17,74,68,66,7.7,1
S01153,17,75,100,100,7.4,1
S01154,18,82,79,71,5.1,1
S01155,18,100,94,84,7.1,1
S01156,20,87,64,60,5.8,1
S01157,21,81,75,68,2.6,1
S01158,20,52,47,86,2.5,1
S01159,16,67,58,78,3.3,1
S01160,16,100,95,71,9.2,1
S01161,20,61,75,70,5.7,1
S01162,21,77,86,94,7.5,1
S01163,20,82,95,79,3.8,1
S01164,21,76,74,69,4.4,1
S01165,21,50,72,70,1.7,1
S01166,22,44,64,54,2.1,1
S01167,19,100,88,73,8.4,1
S01168,21,55,68,52,6.1,1
S01169,18,77,75,82,3.7,1
S01170,21,81,100,85,8.1,1
S01171,21,79,69,69,2.8,1
S01172,21,82,91,58,9.8,1
S01173,22,100,85,72,3.8,1
S01174,22,75,83,78,3.7,1
S01175,16,76,76,48,3.5,1
S01176,22,53,60,66,1.7,1
S01177,18,60,77,64,1.6,1
S01178,18,81,84,76,6.7,1
S01179,22,100,100,100,8.8,1
S01180,20,92,78,97,8.0,1
S01181,19,69,57,100,1.8,1
S01182,22,84,80,65,5.7,1
S01183,21,69,48,70,1.5,1
S01184,17,42,56,79,0.9,1
S01185,19,100,67,74,6.7,1
S01186,19,67,60,97,5.6,1
S01187,18,60,91,68,1.3,1
S01188,19,77,53,43,0.8,1
S01189,22,100,88,78,9.9,1
S01190,21,68,61,56,0.8,1
S01191,21,68,62,74,4.7,1
S01192,16,78,71,91,5.3,1
S01193,21,63,85,64,1.6,1
S01194,21,66,69,80,2.1,1
S01195,18,55,83,73,3.8,1
S01196,21,100,100,85,7.7,1
S01197,16,78,80,74,5.3,1
S01198,17,73,79,92,6.6,1
S01199,22,89,77,93,9.9,1
S01200,18,89,82,77,7.8,1
S01201,17,57,73,78,4.6,1
S01202,18,84,65,70,4.7,1
S01203,20,83,100,75,6.4,1
S01204,19,100,96,95,6.8,1
S01205,20,77,89,75,5.3,1
S01206,21,68,81,100,6.6,1
S01207,17,43,47,70,0.7,1
S01208,21,69,90,66,4.6,1
S01209,19,64,73,61,3.1,1
S01210,18,55,73,52,1.7,1
S01211,19,62,70,71,1.4,1
S01212,16,73,84,70,6.2,1
S01213,19,80,100,53,5.5,1
S01214,16,60,60,51,2.9,1
S01215,19,83,72,64,5.0,1
S01216,22,72,96,80,5.2,1
S01217,16,80,67,67,2.4,1
S01218,17,90,81,92,6.7,1
S01219,21,89,84,75,7.9,1
S01220,21,85,96,82,8.0,1
S01221,20,62,78,99,6.2,1
S01222,21,94,73,74,5.4,1
S01223,18,51,69,66,1.1,1
S01224,22,69,70,63,3.2,1
S01225,19,65,50,62,1.4,1
S01226,20,92,94,96,9.7,1
S01227,18,78,81,73,1.8,1
S01228,18,48,73,67,1.9,1
S01229,16,100,100,86,9.0,1
S01230,21,100,84,92,9.5,1
S01231,17,83,99,77,7.8,1
S01232,17,55,51,60,0.6,1
S01233,20,30,44,65,0.5,1
S01234,22,61,63,84,4.1,1
S01235,17,58,66,56,1.9,1
S01236,19,60,72,60,0.7,1
S01237,17,90,79,65,4.9,1
S01238,20,100,91,86,9.5,1
S01239,17,73,58,83,3.6,1
S01240,19,85,91,76,6.8,1
S01241,16,76,94,80,6.7,1
S01242,22,46,72,56,2.9,1
S01243,20,75,70,75,6.7,1
S01244,16,63,76,51,2.5,1
S01245,16,74,78,69,1.7,1
S01246,16,90,100,87,7.2,1
S01247,18,64,58,69,1.6,1
S01248,22,88,100,96,10.0,1
S01249,21,40,59,71,2.2,1
S01250,22,56,69,63,6.1,1
S01251,18,53,93,65,4.4,1
S01252,21,58,70,41,1.7,1
S01253,22,70,76,57,0.8,1
S01254,16,92,67,71,6.4,1
S01255,20,97,92,86,8.2,1
S01256,21,83,95,100,8.5,1
S01257,19,89,66,85,5.1,1
S01258,19,75,100,100,7.9,1
S01259,17,93,80,91,6.9,1
S01260,21,65,91,83,7.4,1
S01261,20,62,70,77,5.2,1
S01262,18,100,67,90,6.5,1
S01263,16,85,99,89,8.2,1
S01264,17,64,78,71,4.3,1
S01265,19,100,91,100,8.2,1
S01266,18,94,77,84,6.1,1
S01267,18,58,69,51,2.1,1
S01268,16,61,75,60,0.7,1
S01269,21,72,64,73,3.9,1
S01270,19,44,85,74,5.7,1
S01271,20,72,92,83,8.5,1
S01272,18,73,61,61,1.7,1
S01273,16,77,68,66,8.1,1
S01274,20,96,90,66,8.7,1
S01275,21,66,72,59,1.9,1
S01276,19,100,94,83,8.6,1
S01277,21,78,77,77,9.9,1
S01278,18,89,100,72,7.4,1
S01279,20,86,100,83,8.0,1
S01280,20,85,93,100,9.9,1
S01281,20,71,100,91,6.3,1
S01282,18,71,60,82,3.4,1
S01283,18,97,74,76,8.5,1
S01284,21,81,69,78,6.3,1
S01285,17,80,83,93,6.0,1
S01286,21,61,47,50,2.9,1
S01287,19,81,83,80,7.7,1
S01288,16,51,97,67,1.3,1
S01289,20,86,74,71,9.3,1
S01290,17,77,64,76,3.6,1
S01291,16,70,51,82,1.7,1
S01292,17,58,71,89,4.7,1
S01293,22,48,56,61,0.9,1
S01294,21,74,76,91,7.0,1
S01295,18,91,90,70,9.1,1
S01296,20,69,97,90,8.5,1
S01297,21,51,80,62,1.7,1
S01298,16,45,60,64,1.7,1
S01299,22,93,88,87,8.2,1
S01300,22,92,98,94,9.3,1
S01301,22,69,61,60,4.9,1
S01302,16,63,75,66,5.2,1
S01303,16,64,64,68,3.5,1
S01304,16,84,100,69,9.0,1
S01305,16,100,100,83,6.6,1
S01306,22,80,60,79,3.2,1
S01307,22,60,85,86,3.3,1
S01308,17,93,74,90,9.0,1
S01309,21,69,62,83,0.6,1
S01310,20,61,74,71,3.6,1
S01311,18,61,61,65,5.8,1
S01312,22,41,54,65,1.9,1
S01313,18,76,51,62,1.4,1
S01314,21,86,72,92,8.2,1
S01315,21,94,59,92,9.0,1
S01316,18,81,86,89,8.3,1
S01317,22,76,90,99,9.0,1
S01318,18,65,78,74,5.8,1
S01319,17,72,97,92,8.2,1
S01320,19,82,49,76,4.1,1
S01321,22,100,78,83,6.8,1
S01322,22,95,100,91,9.9,1
S01323,20,47,78,54,2.6,1
S01324,16,78,84,71,4.2,1
S01325,19,91,64,74,5.1,1
S01326,21,74,61,58,1.8,1
S01327,22,60,34,49,1.3,1
S01328,18,86,96,81,8.4,1
S01329,19,94,100,86,9.8,1
S01330,20,87,56,59,4.3,1
S01331,21,69,48,49,1.3,1
S01332,16,55,61,41,1.1,1
S01333,16,86,93,92,9.0,1
S01334,20,69,69,86,4.9,1
S01335,20,56,61,71,3.5,1
S01336,18,91,66,72,5.0,1
S01337,22,60,70,56,3.5,1
S01338,16,81,83,52,5.1,1
S01339,21,82,89,87,8.7,1
S01340,19,74,78,86,6.1,1
S01341,21,82,63,74,7.1,1
S01342,17,78,83,84,4.0,1
S01343,17,82,85,76,7.5,1
S01344,20,69,78,94,6.8,1
S01345,18,62,66,57,1.6,1
S01346,17,69,69,50,5.9,1
S01347,16,85,63,76,2.9,1
S01348,21,84,89,76,8.1,1
S01349,21,65,66,57,4.5,1
S01350,20,100,75,97,9.9,1
S01351,22,69,41,55,1.4,1
S01352,22,76,92,70,7.9,1
S01353,19,73,83,97,6.9,1
S01354,20,92,86,83,7.8,1
S01355,19,69,56,55,3.4,1
S01356,22,86,77,72,5.2,1
S01357,20,79,83,100,8.1,1
S01358,20,74,60,70,2.7,1
S01359,20,39,66,61,2.6,1
S01360,22,76,82,84,5.7,1
S01361,19,70,99,73,5.5,1
S01362,19,62,76,65,3.2,1
S01363,20,67,80,63,3.3,1
S01364,17,81,82,79,3.1,1
S01365,18,72,77,87,7.8,1
S01366,22,56,79,97,6.7,1
S01367,18,76,78,90,8.4,1
S01368,18,100,86,100,9.8,1
S01369,19,55,71,83,5.0,1
S01370,19,53,53,61,1.1,1
S01371,17,69,63,62,1.0,1
S01372,18,67,75,91,3.3,1
S01373,18,100,77,100,9.4,1
S01374,20,53,74,95,5.5,1
S01375,19,64,65,59,3.1,1
S01376,18,88,56,53,4.3,1
S01377,21,66,71,71,6.2,1
S01378,17,94,93,83,6.7,1
S01379,21,60,75,59,2.0,1
S01380,21,99,75,92,9.8,1
S01381,22,93,84,73,5.7,1
S01382,22,67,46,46,1.8,1
S01383,17,84,86,94,9.0,1
S01384,21,67,60,64,1.2,1
S01385,18,83,100,100,9.1,1
S01386,19,98,93,94,10.0,1
S01387,17,69,72,92,7.2,1
S01388,20,87,72,76,7.8,1
S01389,21,84,73,76,3.7,1
S01390,17,89,85,99,9.4,1
S01391,16,90,73,84,5.5,1
S01392,16,100,97,82,7.5,1
S01393,22,92,98,94,9.3,1
S01394,19,100,100,98,9.8,1
S01395,18,94,77,100,8.4,1
S01396,19,71,61,65,3.4,1
S01397,19,100,96,79,9.7,1
S01398,19,78,100,72,6.5,1
S01399,19,84,83,91,9.3,1
S01400,20,64,84,82,6.9,1
S01401,20,64,86,78,3.4,1
S01402,22,82,73,82,4.0,1
S01403,17,67,91,58,5.7,1
S01404,16,90,100,80,8.0,1
S01405,19,68,74,74,3.5,1
S01406,22,72,85,91,6.0,1
S01407,17,48,80,72,3.8,1
S01408,16,100,77,100,8.2,1
S01409,21,81,58,82,4.9,1
S01410,18,92,63,68,1.2,1
S01411,20,76,57,66,2.1,1
S01412,21,75,74,63,1.1,1
S01413,16,55,81,80,5.2,1
S01414,21,40,75,63,1.5,1
S01415,18,62,49,77,1.6,1
S01416,22,79,100,100,9.4,1
S01417,16,82,63,100,8.8,1
S01418,21,100,62,64,4.8,1
S01419,20,100,100,80,9.9,1
S01420,20,46,53,67,0.5,1
S01421,17,52,76,79,6.3,1
S01422,21,68,83,83,6.4,1
S01423,19,68,92,63,4.8,1
S01424,21,68,50,58,4.3,1
S01425,22,59,90,78,4.8,1
S01426,16,86,89,66,4.4,1
S01427,16,76,79,92,7.4,1
S01428,22,70,56,59,1.8,1
S01429,21,65,65,58,2.4,1
S01430,22,75,57,42,2.2,1
S01431,18,64,73,83,3.0,1
S01432,22,66,84,85,5.5,1
S01433,20,54,44,49,1.6,1
S01434,22,83,79,66,8.7,1
S01435,16,93,55,64,3.3,1
S01436,20,64,67,77,2.0,1
S01437,16,83,94,76,6.9,1
S01438,17,69,48,61,0.9,1
S01439,19,81,92,91,6.4,1
S01440,16,97,73,72,7.1,1
S01441,20,61,75,60,2.5,1
S01442,17,53,57,65,0.9,1
S01443,16,59,67,70,4.0,1
S01444,18,83,76,55,1.4,1
S01445,22,61,85,73,1.6,1
S01446,19,53,45,75,2.9,1
S01447,16,71,77,80,3.3,1
S01448,17,69,80,76,5.5,1
S01449,18,78,91,63,6.9,1
S01450,21,83,63,80,6.1,1
S01451,17,81,51,53,1.9,1
S01452,22,65,57,44,2.1,1
S01453,17,82,93,85,8.8,1
S01454,18,72,70,80,5.8,1
S01455,17,98,87,100,8.8,1
S01456,18,47,82,60,4.0,1
S01457,16,68,100,88,6.3,1
S01458,18,80,87,60,5.5,1
S01459,18,49,81,85,3.5,1
S01460,19,71,74,68,5.0,1
S01461,18,70,66,73,5.3,1
S01462,18,75,62,64,2.4,1
S01463,21,66,70,80,3.5,1
S01464,16,100,73,70,8.0,1
S01465,22,93,100,87,9.2,1
S01466,19,92,90,65,3.9,1
S01467,21,52,71,95,3.4,1
S01468,20,84,79,56,2.4,1
S01469,16,78,98,54,6.9,1
S01470,16,87,58,90,3.6,1
S01471,20,100,74,97,9.9,1
S01472,22,35,65,63,3.6,1
S01473,18,78,74,73,4.2,1
S01474,21,92,66,71,6.2,1
S01475,17,100,100,64,8.1,1
S01476,19,61,99,74,5.0,1
S01477,17,80,76,73,4.5,1
S01478,20,97,83,96,10.0,1
S01479,16,63,65,51,0.6,1
S01480,22,100,79,80,9.0,1
S01481,16,76,78,62,1.9,1
S01482,19,79,85,75,8.0,1
S01483,16,84,90,93,6.4,1
S01484,16,70,82,81,3.7,1
S01485,19,87,97,82,8.8,1
S01486,21,56,81,68,0.6,1
S01487,21,68,69,55,2.7,1
S01488,19,71,73,74,5.9,1
S01489,22,81,46,88,3.8,1
S01490,20,95,54,87,6.3,1
S01491,16,48,67,65,0.7,1
S01492,22,77,61,61,1.6,1
S01493,16,52,54,65,1.7,1
S01494,20,75,52,51,2.3,1
S01495,21,90,85,72,4.9,1
S01496,22,84,74,88,7.6,1
S01497,18,82,100,89,9.1,1
S01498,18,82,100,87,8.4,1
S01499,18,69,55,60,2.4,1
S01500,21,97,83,65,4.7,1
S01501,21,44,71,57,2.4,1
S01502,20,68,57,67,3.0,1
S01503,16,75,65,85,5.3,1
S01504,20,54,60,54,1.1,1
S01505,20,64,53,69,2.6,1
S01506,21,86,100,90,9.4,1
S01507,18,90,73,86,4.9,1
S01508,17,90,61,75,4.7,1
S01509,16,58,58,46,0.6,1
S01510,21,65,74,93,2.9,1
S01511,18,84,81,99,8.7,1
S01512,22,64,41,72,2.1,1
S01513,17,95,75,68,4.4,1
S01514,17,56,45,58,0.6,1
S01515,21,65,66,60,5.0,1
S01516,19,53,65,59,0.7,1
S01517,16,97,81,88,8.3,1
S01518,17,80,87,86,8.3,1
S01519,21,87,100,100,8.0,1
S01520,21,73,65,78,3.2,1
S01521,18,81,100,98,8.5,1
S01522,22,57,88,84,5.7,1
S01523,19,59,61,75,4.1,1
S01524,16,70,76,85,6.4,1
S01525,20,55,44,40,0.6,1
S01526,22,63,72,63,1.9,1
S01527,22,95,100,69,7.6,1
S01528,18,51,63,56,2.8,1
S01529,17,88,58,93,6.2,1
S01530,17,67,77,62,4.2,1
S01531,18,68,79,73,8.6,1
S01532,21,93,85,95,9.5,1
S01533,17,100,95,88,8.9,1
S01534,19,78,84,75,3.1,1
S01535,16,63,75,87,2.3,1
S01536,22,89,81,82,5.0,1
S01537,22,60,57,45,0.6,1
S01538,19,70,44,73,0.7,1
S01539,17,58,83,76,5.8,1
S01540,22,62,86,79,5.4,1
S01541,20,100,87,73,9.9,1
S01542,16,83,62,73,2.4,1
S01543,16,72,82,55,3.0,1
S01544,22,55,58,71,1.6,1
S01545,18,82,89,81,9.2,1
S01546,22,83,86,93,7.9,1
S01547,18,100,97,72,8.3,1
S01548,22,87,95,72,9.1,1
S01549,20,90,81,72,5.5,1
S01550,21,82,93,78,4.8,1
S01551,16,90,66,59,3.6,1
S01552,22,82,69,82,6.1,1
S01553,20,74,88,85,4.8,1
S01554,18,87,78,61,4.8,1
S01555,18,81,86,92,9.4,1
S01556,16,89,90,97,9.8,1
S01557,19,67,72,84,8.1,1
S01558,22,71,89,84,7.7,1
S01559,17,100,66,67,7.0,1
S01560,18,72,73,72,2.1,1
S01561,21,43,55,64,1.1,1
S01562,21,98,67,84,7.1,1
S01563,18,76,98,100,7.4,1
S01564,19,66,87,61,0.9,1
S01565,19,100,98,93,9.3,1
S01566,20,81,59,79,1.4,1
S01567,21,61,58,70,3.2,1
S01568,20,74,86,74,6.9,1
S01569,21,31,73,71,2.1,1
S01570,22,58,61,56,1.0,1
S01571,22,78,81,85,3.6,1
S01572,17,97,100,91,7.8,1
S01573,22,88,59,65,4.4,1
S01574,17,85,86,68,6.7,1
S01575,22,85,57,81,6.0,1
S01576,16,59,50,65,0.7,1
S01577,22,100,100,78,9.9,1
S01578,20,47,60,72,0.9,1
S01579,18,77,75,98,9.7,1
S01580,20,68,91,82,5.7,1
S01581,18,96,87,99,9.7,1
S01582,19,46,73,54,1.6,1
S01583,20,68,83,66,5.2,1
S01584,19,56,55,64,2.1,1
S01585,17,68,71,56,1.0,1
S01586,17,89,85,86,6.4,1
S01587,16,66,69,77,2.5,1
S01588,22,85,75,72,6.1,1
S01589,20,67,50,56,1.6,1
S01590,19,65,66,81,3.7,1
S01591,18,80,82,74,7.9,1
S01592,17,92,85,72,4.7,1
S01593,22,51,62,70,6.5,1
S01594,17,73,100,75,6.7,1
S01595,18,87,100,71,8.5,1
S01596,22,76,63,86,3.6,1
S01597,22,97,100,94,7.0,1
S01598,19,100,81,82,9.6,1
S01599,19,83,99,89,7.4,1
S01600,20,76,67,61,5.2,1
S01601,20,85,94,88,6.5,1
S01602,21,79,68,74,7.5,1
S01603,21,66,94,94,6.3,1
S01604,16,57,75,68,0.7,1
S01605,17,74,48,64,2.4,1
S01606,20,85,100,82,8.2,1
S01607,19,72,81,72,3.1,1
S01608,18,62,61,74,7.4,1
S01609,19,71,66,85,4.0,1
S01610,17,72,90,81,5.5,1
S01611,21,44,70,74,1.1,1
S01612,19,72,67,40,2.2,1
S01613,16,100,100,91,9.6,1
S01614,17,100,81,92,9.0,1
S01615,21,94,83,81,6.7,1
S01616,18,83,65,76,4.9,1
S01617,21,90,85,79,6.9,1
S01618,22,59,93,100,6.4,1
S01619,16,77,89,82,5.9,1
S01620,17,66,64,65,1.1,1
S01621,18,87,94,91,6.5,1
S01622,16,100,100,79,7.8,1
S01623,21,82,100,78,9.9,1
S01624,16,65,73,72,0.6,1
S01625,17,72,93,80,7.4,1
S01626,20,76,91,94,5.9,1
S01627,16,73,77,89,4.6,1
S01628,22,72,60,40,1.7,1
S01629,16,82,84,75,4.4,1
S01630,21,72,81,84,3.9,1
S01631,21,43,73,52,3.4,1
S01632,18,90,83,88,7.4,1
S01633,21,81,81,90,7.2,1
S01634,19,96,75,79,6.1,1
S01635,17,100,100,90,9.4,1
S01636,17,59,86,85,3.8,1
S01637,20,73,81,53,2.8,1
S01638,20,89,70,91,6.7,1
S01639,17,71,62,73,2.4,1
S01640,22,74,67,86,3.5,1
S01641,20,73,60,58,2.6,1
S01642,18,78,84,80,1.2,1
S01643,21,82,94,72,8.4,1
S01644,17,56,72,66,2.9,1
S01645,20,84,70,63,5.0,1
S01646,17,36,71,71,0.9,1
S01647,19,91,100,74,7.1,1
S01648,16,75,72,84,3.6,1
S01649,21,57,83,66,7.6,1
S01650,17,65,73,69,4.4,1
S01651,16,84,62,87,2.4,1
S01652,20,59,77,69,5.4,1
S01653,16,64,56,77,1.7,1
S01654,21,62,64,83,4.7,1
S01655,17,60,70,57,3.5,1
S01656,19,100,93,92,9.2,1
S01657,22,61,58,80,1.1,1
S01658,20,90,100,78,7.1,1
S01659,17,62,70,59,2.2,1
S01660,21,51,79,75,3.5,1
S01661,20,58,83,72,4.4,1
S01662,18,100,93,73,9.1,1
S01663,16,68,70,67,2.8,1
S01664,22,51,52,59,1.4,1
S01665,21,69,78,70,3.5,1
S01666,18,69,59,38,1.5,1
S01667,17,67,56,69,1.7,1
S01668,19,70,95,61,6.0,1
S01669,20,40,45,72,1.1,1
S01670,16,53,81,74,0.8,1
S01671,20,98,100,62,7.3,1
S01672,22,81,69,87,3.9,1
S01673,17,67,85,64,1.7,1
S01674,20,65,57,81,2.9,1
S01675,16,75,94,91,6.6,1
S01676,17,66,69,54,3.1,1
S01677,20,85,55,67,5.2,1
S01678,19,74,56,83,1.7,1
S01679,21,76,78,66,6.1,1
S01680,17,99,80,75,3.5,1
S01681,21,82,76,72,6.5,1
S01682,17,84,85,76,8.2,1
S01683,19,98,87,80,6.3,1
S01684,21,44,75,95,3.3,1
S01685,18,72,67,78,2.9,1
S01686,16,69,67,60,3.6,1
S01687,18,81,76,69,2.1,1
S01688,20,71,62,47,2.2,1
S01689,19,89,73,61,8.0,1
S01690,18,80,68,75,4.2,1
S01691,17,61,81,83,4.6,1
S01692,20,91,78,97,6.1,1
S01693,20,63,74,84,6.1,1
S01694,18,64,46,64,1.1,1
S01695,18,89,87,83,8.4,1
S01696,19,43,68,73,2.2,1
S01697,16,85,73,70,7.4,1
S01698,18,90,84,77,7.8,1
S01699,22,76,72,70,7.3,1
S01700,18,67,78,73,6.0,1
S01701,21,63,80,54,0.6,1
S01702,17,75,74,64,3.9,1
S01703,22,83,62,73,6.2,1
S01704,22,72,77,76,4.2,1
S01705,21,83,100,100,8.7,1
S01706,21,96,53,74,3.4,1
S01707,20,65,57,64,3.3,1
S01708,16,57,72,74,3.0,1
S01709,17,70,70,73,3.7,1
S01710,19,76,94,80,5.8,1
S01711,22,80,82,83,7.2,1
S01712,19,100,93,100,6.8,1
S01713,18,74,100,87,8.2,1
S01714,18,91,80,82,8.9,1
S01715,19,75,98,78,8.3,1
S01716,18,51,55,72,0.7,1
S01717,16,100,59,71,7.5,1
S01718,21,68,72,83,2.5,1
S01719,18,65,71,45,1.8,1
S01720,20,70,63,95,6.6,1
S01721,18,64,65,80,3.5,1
S01722,17,81,53,58,1.0,1
S01723,16,68,74,58,1.8,1
S01724,17,53,40,75,0.5,1
S01725,17,97,93,100,9.1,1
S01726,20,61,32,55,0.7,1
S01727,16,55,71,74,2.5,1
S01728,16,69,76,85,4.5,1
S01729,16,98,66,79,3.9,1
S01730,16,97,100,90,9.2,1
S01731,16,40,29,59,0.9,1
S01732,20,83,77,80,5.4,1
S01733,18,99,98,59,7.0,1
S01734,17,82,94,100,9.4,1
S01735,16,75,98,62,6.4,1
S01736,22,100,82,77,8.1,1
S01737,18,61,60,60,1.3,1
S01738,18,70,88,62,4.2,1
S01739,17,55,83,61,4.1,1
S01740,20,100,100,100,8.9,1
S01741,19,60,65,86,1.9,1
S01742,19,37,67,83,1.9,1
S01743,18,51,65,81,3.6,1
S01744,21,52,58,90,1.0,1
S01745,21,51,78,64,2.2,1
S01746,17,83,94,87,9.7,1
S01747,19,100,65,75,4.6,1
S01748,18,89,77,97,6.5,1
S01749,20,54,84,90,7.4,1
S01750,19,67,63,92,4.0,1
S01751,18,62,59,67,1.9,1
S01752,18,47,55,52,2.5,1
S01753,16,75,65,64,3.5,1
S01754,20,57,96,92,6.5,1
S01755,16,85,74,68,4.3,1
S01756,17,75,89,63,0.6,1
S01757,16,100,69,80,5.5,1
S01758,22,73,98,100,9.3,1
S01759,16,71,91,96,8.2,1
S01760,22,97,96,94,8.3,1
S01761,19,100,81,88,8.1,1
S01762,21,79,66,62,3.6,1
S01763,18,99,92,88,7.8,1
S01764,22,79,58,90,1.9,1
S01765,20,84,61,87,6.7,1
S01766,16,79,98,75,6.6,1
S01767,22,41,70,58,0.7,1
S01768,20,83,82,100,8.0,1
S01769,21,90,94,83,9.1,1
S01770,21,56,80,67,3.0,1
S01771,16,87,100,74,8.2,1
S01772,17,47,63,61,1.3,1
S01773,16,93,74,85,6.2,1
S01774,19,81,94,73,5.1,1
S01775,22,72,80,79,5.7,1
S01776,18,94,91,77,9.3,1
S01777,17,77,94,82,8.8,1
S01778,16,75,100,100,8.0,1
S01779,20,60,68,68,3.1,1
S01780,17,89,100,93,9.2,1
S01781,22,62,60,56,1.4,1
S01782,17,91,97,88,8.6,1
S01783,22,54,59,69,3.6,1
S01784,16,58,74,75,1.0,1
S01785,22,73,75,94,6.9,1
S01786,17,25,73,81,2.7,1
S01787,20,100,50,70,2.8,1
S01788,21,59,70,93,3.4,1
S01789,17,50,63,72,1.1,1
S01790,22,48,57,51,2.2,1
S01791,21,44,58,79,0.5,1
S01792,22,72,78,75,4.7,1
S01793,20,76,69,77,1.3,1
S01794,22,81,85,71,7.0,1
S01795,16,62,83,68,2.7,1
S01796,18,100,100,99,9.5,1
S01797,17,84,90,91,8.8,1
S01798,18,68,53,69,3.2,1
S01799,22,76,81,58,7.9,1
S01800,20,100,61,78,8.1,1
S01801,17,100,92,81,9.9,1
S01802,22,78,97,59,6.2,1
S01803,21,55,71,56,1.3,1
S01804,19,81,83,100,6.6,1
S01805,22,79,73,93,6.4,1
S01806,18,63,84,72,6.6,1
S01807,17,82,95,64,3.4,1
S01808,18,87,100,81,8.7,1
S01809,17,100,92,99,9.6,1
S01810,22,70,49,73,2.6,1
S01811,16,30,88,56,1.3,1
S01812,21,49,57,61,2.3,1
S01813,22,62,95,98,8.3,1
S01814,18,67,65,99,6.9,1
S01815,19,61,78,71,6.5,1
S01816,19,75,55,72,4.3,1
S01817,20,75,66,81,6.0,1
S01818,17,77,59,69,3.4,1
S01819,18,75,82,88,5.0,1
S01820,20,84,86,84,8.0,1
S01821,18,100,100,100,9.8,1
S01822,17,95,100,100,9.4,1
S01823,22,92,100,83,9.4,1
S01824,22,62,79,74,4.3,1
S01825,19,61,79,65,5.0,1
S01826,22,93,99,79,7.2,1
S01827,22,100,64,99,9.3,1
S01828,16,81,56,68,1.8,1
S01829,19,74,54,94,3.4,1
S01830,20,57,41,52,1.8,1
S01831,21,86,72,80,6.3,1
S01832,16,68,56,65,3.4,1
S01833,20,80,85,68,3.6,1
S01834,17,76,63,64,1.2,1
S01835,16,68,47,65,3.8,1
S01836,20,100,94,98,8.7,1
S01837,17,80,55,88,2.7,1
S01838,19,84,85,57,7.1,1
S01839,21,89,86,96,6.5,1
S01840,17,93,81,100,8.7,1
S01841,22,62,66,68,1.8,1
S01842,18,100,99,85,9.8,1
S01843,17,85,78,73,6.0,1
S01844,17,85,86,89,10.0,1
S01845,21,79,92,94,9.2,1
S01846,18,54,65,64,2.6,1
S01847,22,65,65,62,1.0,1
S01848,20,63,65,59,2.9,1
S01849,20,81,64,73,5.5,1
S01850,17,75,63,62,2.1,1
S01851,18,88,69,66,2.1,1
S01852,18,71,78,60,4.9,1
S01853,22,41,59,59,0.8,1
S01854,21,83,58,63,1.7,1
S01855,19,56,68,76,4.5,1
S01856,20,41,56,79,1.1,1
S01857,21,93,86,73,4.3,1
S01858,16,88,65,63,5.0,1
S01859,20,80,76,77,4.8,1
S01860,21,90,75,80,8.8,1
S01861,20,74,87,70,5.5,1
S01862,19,67,69,72,4.9,1
S01863,16,69,64,68,4.4,1
S01864,19,88,91,75,8.3,1
S01865,22,75,62,83,9.0,1
S01866,16,80,74,93,8.6,1
S01867,17,57,88,83,6.9,1
S01868,21,63,76,55,1.8,1
S01869,16,68,74,60,3.1,1
S01870,22,80,62,64,0.9,1
S01871,22,97,100,79,9.3,1
S01872,19,76,89,72,6.8,1
S01873,20,83,73,78,7.6,1
S01874,16,75,83,61,3.5,1
S01875,21,92,82,88,8.5,1
S01876,16,74,60,66,3.0,1
S01877,18,62,42,77,0.5,1
S01878,20,68,68,60,4.1,1
S01879,21,72,65,92,5.9,1
S01880,21,68,83,79,5.0,1
S01881,17,79,89,100,8.7,1
S01882,19,48,46,80,1.5,1
S01883,17,100,78,74,5.8,1
S01884,21,78,89,62,5.4,1
S01885,20,66,89,69,3.2,1
S01886,16,82,67,65,8.3,1
S01887,16,91,77,92,7.7,1
S01888,20,99,70,86,7.5,1
S01889,21,99,95,82,8.8,1
S01890,22,96,68,79,7.4,1
S01891,16,59,80,57,2.7,1
S01892,22,84,99,83,7.2,1
S01893,16,62,80,60,3.4,1
S01894,16,67,59,69,2.8,1
S01895,19,75,54,68,1.2,1
S01896,19,91,80,91,7.6,1
S01897,18,100,98,88,7.3,1
S01898,17,62,47,65,2.7,1
S01899,20,76,91,89,7.6,1
S01900,20,98,81,91,9.2,1
S01901,20,62,58,66,1.5,1
S01902,18,70,76,57,2.7,1
S01903,19,87,68,71,7.6,1
S01904,21,62,65,73,3.1,1
S01905,22,83,80,86,6.4,1
S01906,22,72,61,57,1.3,1
S01907,21,87,74,88,4.8,1
S01908,18,79,92,100,7.5,1
S01909,21,86,78,100,7.0,1
S01910,20,100,93,83,8.2,1
S01911,17,85,94,83,8.8,1
S01912,16,78,90,94,7.8,1
S01913,22,92,90,90,6.9,1
S01914,19,66,63,50,0.8,1
S01915,19,67,77,75,5.6,1
S01916,18,42,45,70,0.9,1
S01917,19,90,100,76,8.2,1
S01918,20,64,91,63,3.5,1
S01919,22,58,75,72,5.8,1
S01920,21,60,75,66,3.2,1
S01921,20,94,80,68,7.9,1
S01922,18,89,82,96,8.9,1
S01923,20,91,74,66,4.3,1
S01924,21,65,100,90,8.7,1
S01925,17,83,88,71,3.0,1
S01926,18,73,96,67,5.6,1
S01927,17,84,96,68,8.7,1
S01928,16,51,60,73,3.6,1
S01929,17,99,100,86,9.6,1
S01930,16,40,29,70,1.7,1
S01931,16,68,64,71,0.7,1
S01932,17,73,100,67,9.1,1
S01933,18,44,63,61,1.2,1
S01934,21,80,100,100,9.9,1
S01935,20,84,76,100,9.5,1
S01936,20,74,83,46,1.8,1
S01937,21,95,76,91,5.6,1
S01938,22,57,83,56,2.3,1
S01939,22,73,87,82,4.6,1
S01940,16,65,79,57,1.1,1
S01941,16,61,79,77,2.6,1
S01942,18,76,81,69,4.0,1
S01943,19,74,91,59,4.7,1
S01944,17,91,95,85,9.8,1
S01945,16,71,95,92,8.2,1
S01946,20,87,85,79,7.5,1
S01947,18,89,70,66,5.6,1
S01948,17,80,96,73,8.5,1
S01949,18,46,73,63,3.7,1
S01950,17,80,99,74,7.2,1
S01951,17,100,92,98,9.9,1
S01952,21,84,61,67,3.5,1
S01953,16,76,98,79,6.9,1
S01954,18,94,90,85,8.5,1
S01955,18,99,82,95,9.2,1
S01956,21,100,100,90,7.3,1
S01957,20,49,80,64,3.2,1
S01958,20,57,93,69,3.6,1
S01959,22,34,56,69,0.7,1
S01960,16,78,80,77,7.7,1
S01961,16,71,47,57,0.9,1
S01962,19,83,83,95,8.7,1
S01963,21,46,58,59,1.6,1
S01964,20,66,73,69,2.1,1
S01965,17,78,65,59,5.0,1
S01966,18,73,78,90,7.5,1
S01967,16,56,84,64,1.8,1
S01968,18,76,40,80,4.7,1
S01969,18,84,82,89,5.1,1
S01970,19,57,51,64,2.5,1
S01971,20,52,53,48,1.6,1
S01972,16,100,100,83,8.4,1
S01973,18,73,78,90,5.3,1
S01974,16,60,91,64,0.6,1
S01975,17,95,95,74,8.1,1
S01976,19,73,84,89,9.8,1
S01977,17,80,88,86,6.3,1
S01978,16,56,91,76,5.3,1
S01979,22,89,97,86,8.8,1
S01980,16,100,91,83,9.5,1
S01981,20,74,66,78,7.7,1
S01982,18,54,71,77,4.7,1
S01983,18,100,100,85,6.1,1
S01984,17,70,75,81,7.2,1
S01985,19,46,61,62,2.3,1
S01986,22,93,87,83,4.7,1
S01987,21,74,96,82,8.4,1
S01988,18,100,67,85,6.7,1
S01989,20,76,72,80,4.4,1
S01990,17,98,100,68,6.8,1
S01991,17,64,63,67,1.6,1
S01992,21,85,91,44,4.3,1
S01993,20,76,100,84,8.0,1
S01994,19,58,56,75,2.6,1
S01995,20,39,62,71,2.3,1
S01996,19,100,100,99,9.5,1
S01997,20,70,48,72,2.5,1
S01998,20,55,66,64,3.0,1
S01999,16,73,100,74,9.7,1
S02000,17,88,78,85,7.5,1
S02001,20,100,91,88,7.1,1
S02002,21,88,82,68,8.6,1
S02003,20,53,56,70,1.6,1
S02004,18,73,93,84,7.2,1
S02005,17,91,94,73,5.3,1
S02006,18,79,80,92,8.4,1
S02007,17,72,63,74,5.3,1
S02008,18,93,81,77,6.4,1
S02009,20,83,82,62,5.0,1
S02010,20,71,67,80,5.0,1
S02011,16,78,100,71,7.8,1
S02012,21,99,80,73,6.5,1
S02013,18,68,73,86,6.5,1
S02014,19,72,98,74,4.8,1
S02015,16,59,93,96,5.5,1
S02016,18,100,77,91,7.6,1
S02017,18,83,100,95,8.3,1
S02018,16,75,76,92,7.1,1
S02019,20,100,100,87,9.3,1
S02020,18,71,100,81,8.3,1
S02021,20,86,65,65,5.8,1
S02022,16,78,77,66,6.9,1
S02023,20,78,86,100,9.3,1
S02024,17,69,85,74,6.4,1
S02025,19,80,94,96,8.3,1
S02026,22,78,83,66,7.0,1
S02027,18,63,58,76,5.7,1
S02028,21,70,53,83,2.8,1
S02029,19,58,63,77,4.5,1
S02030,22,65,100,94,9.7,1
S02031,20,100,66,75,6.7,1
S02032,18,81,68,69,5.9,1
S02033,20,100,79,90,9.4,1
S02034,17,67,84,67,6.1,1
S02035,16,83,91,76,5.5,1
S02036,18,97,88,95,7.7,1
S02037,22,82,100,69,7.3,1
S02038,22,47,68,74,2.3,1
S02039,17,72,75,87,5.0,1
S02040,17,83,67,73,5.0,1
S02041,18,78,75,73,4.1,1
S02042,20,77,68,72,5.4,1
S02043,21,83,62,71,4.4,1
S02044,22,75,54,77,2.4,1
S02045,22,66,71,82,4.4,1
S02046,17,42,56,68,1.2,1
S02047,19,81,100,86,6.0,1
S02048,17,80,92,90,8.6,1
S02049,21,86,87,70,7.4,1
S02050,20,87,65,84,3.9,1
S02051,20,65,99,54,1.3,1
S02052,19,80,55,67,2.4,1
S02053,22,66,73,88,5.7,1
S02054,17,78,78,53,2.5,1
S02055,20,98,81,85,5.7,1
S02056,21,67,52,56,2.7,1
S02057,18,100,90,94,8.6,1
S02058,16,62,81,87,4.3,1
S02059,16,59,74,61,2.8,1
S02060,16,96,96,77,8.2,1
S02061,22,71,98,73,3.8,1
S02062,17,52,66,55,1.6,1
S02063,19,86,89,55,5.9,1
S02064,20,83,51,79,6.0,1
S02065,18,77,100,87,7.3,1
S02066,21,68,68,65,2.8,1
S02067,18,83,64,76,4.7,1
S02068,21,60,67,82,3.2,1
S02069,22,66,70,60,1.3,1
S02070,17,80,100,86,8.8,1
S02071,16,77,84,83,7.4,1
S02072,17,82,77,67,3.4,1
S02073,22,87,77,76,6.2,1
S02074,19,42,72,86,2.4,1
S02075,19,87,94,90,9.0,1
S02076,22,67,67,62,1.6,1
S02077,21,59,55,77,0.5,1
S02078,20,84,82,89,5.3,1
S02079,20,80,70,86,6.0,1
S02080,21,77,82,72,6.0,1
S02081,19,57,53,93,1.0,1
S02082,19,82,58,54,3.5,1
S02083,19,84,68,57,5.2,1
S02084,17,70,64,73,2.6,1
S02085,19,91,84,84,8.8,1
S02086,18,54,67,37,1.3,1
S02087,16,72,77,75,5.1,1
S02088,19,96,96,84,7.1,1
S02089,21,79,67,68,3.0,1
S02090,16,73,83,84,6.4,1
S02091,17,90,100,82,8.4,1
S02092,21,70,60,66,2.3,1
S02093,16,97,89,100,9.2,1
S02094,21,83,93,89,5.8,1
S02095,17,55,58,68,3.3,1
S02096,18,59,90,81,4.6,1
S02097,17,83,67,81,3.5,1
S02098,17,100,75,73,7.4,1
S02099,21,70,99,90,8.1,1
S02100,22,88,86,89,8.4,1
S02101,20,100,100,99,9.9,1
S02102,19,61,88,75,8.0,1
S02103,19,67,81,79,6.2,1
S02104,18,69,64,64,3.7,1
S02105,18,71,77,82,5.7,1
S02106,19,61,57,54,0.9,1
S02107,20,100,100,78,7.6,1
S02108,19,64,78,76,4.7,1
S02109,22,58,68,52,0.7,1
S02110,20,55,62,46,1.1,1
S02111,18,73,68,85,4.2,1
S02112,16,79,84,72,6.0,1
S02113,21,100,95,60,4.9,1
S02114,22,98,69,68,6.4,1
S02115,22,56,81,75,5.1,1
S02116,18,71,100,99,6.8,1
S02117,18,56,57,67,2.6,1
S02118,17,47,74,72,1.6,1
S02119,22,63,92,76,6.2,1
S02120,17,73,61,78,5.1,1
S02121,17,49,73,60,0.8,1
S02122,21,61,65,79,4.1,1
S02123,17,85,67,52,1.5,1
S02124,20,69,90,78,5.5,1
S02125,19,67,88,75,4.3,1
S02126,16,89,63,85,6.3,1
S02127,18,82,100,71,8.2,1
S02128,20,54,87,65,3.3,1
S02129,16,90,100,97,9.6,1
S02130,22,100,83,80,5.6,1
S02131,22,75,76,100,6.4,1
S02132,22,72,71,77,7.0,1
S02133,20,87,63,60,6.8,1
S02134,20,73,85,72,5.4,1
S02135,18,100,87,45,4.6,1
S02136,19,50,60,71,1.0,1
S02137,17,79,54,62,0.7,1
S02138,22,85,73,77,3.9,1
S02139,21,65,63,78,3.7,1
S02140,19,72,73,85,4.2,1
S02141,21,50,55,37,1.8,1
S02142,18,79,93,62,7.5,1
S02143,18,85,100,79,8.6,1
S02144,18,94,99,87,9.4,1
S02145,16,59,76,79,5.2,1
S02146,21,88,96,84,7.2,1
S02147,19,88,90,89,8.6,1
S02148,19,78,86,57,4.5,1
S02149,20,75,62,62,3.4,1
S02150,20,90,87,87,9.4,1
S02151,22,82,66,76,5.4,1
S02152,20,75,71,71,5.2,1
S02153,18,73,77,70,2.2,1
S02154,19,65,52,52,1.5,1
S02155,21,91,62,82,8.5,1
S02156,18,79,76,86,6.3,1
S02157,16,85,57,74,3.6,1
S02158,20,69,60,63,2.3,1
S02159,18,62,100,75,5.8,1
S02160,18,73,69,74,6.0,1
S02161,16,62,74,64,2.5,1
S02162,17,89,89,82,8.6,1
S02163,19,62,66,60,1.3,1
S02164,21,59,66,76,3.9,1
S02165,22,82,98,85,7.0,1
S02166,17,64,74,55,3.1,1
S02167,20,100,94,100,8.4,1
S02168,18,73,87,78,7.5,1
S02169,16,87,100,91,8.0,1
S02170,16,53,70,53,1.6,1
S02171,19,85,68,82,1.8,1
S02172,17,83,77,76,3.2,1
S02173,22,57,56,81,5.4,1
S02174,19,76,88,82,7.6,1
S02175,18,99,88,67,8.4,1
S02176,19,89,98,100,7.2,1
S02177,21,97,84,99,9.3,1
S02178,16,87,88,80,7.5,1
S02179,16,80,93,76,3.4,1
S02180,20,76,68,55,3.0,1
S02181,20,80,68,62,7.1,1
S02182,22,50,92,68,2.3,1
S02183,18,40,54,56,1.4,1
S02184,21,76,66,73,5.6,1
S02185,17,66,77,86,8.3,1
S02186,19,64,71,52,1.5,1
S02187,22,83,100,85,8.0,1
S02188,18,100,100,74,8.2,1
S02189,20,80,77,87,5.1,1
S02190,19,59,49,62,1.0,1
S02191,20,44,59,73,2.2,1
S02192,19,69,85,64,7.2,1
S02193,17,92,84,90,7.3,1
S02194,18,87,100,100,9.0,1
S02195,19,100,64,80,6.0,1
S02196,21,61,50,71,1.7,1
S02197,22,64,60,63,1.7,1
S02198,16,69,90,88,7.4,1
S02199,21,75,60,85,2.2,1
S02200,21,58,64,96,3.6,1
S02201,22,82,90,80,5.1,1
S02202,16,68,65,51,0.7,1
S02203,21,68,56,76,2.9,1
S02204,19,94,68,60,4.4,1
S02205,19,60,75,63,3.2,1
S02206,19,82,49,60,1.8,1
S02207,16,69,91,100,7.4,1
S02208,21,97,84,100,8.2,1
S02209,16,65,72,83,2.9,1
S02210,19,78,88,94,7.9,1
S02211,22,52,60,63,4.2,1
S02212,21,73,70,80,5.3,1
S02213,21,86,100,100,8.6,1
S02214,20,87,100,89,7.6,1
S02215,20,96,67,97,8.1,1
S02216,17,52,76,48,1.8,1
S02217,18,81,65,72,1.2,1
S02218,20,85,100,77,9.0,1
S02219,16,79,66,71,4.2,1
S02220,20,69,80,86,3.2,1
S02221,17,82,81,87,7.4,1
S02222,21,89,100,96,8.4,1
S02223,17,79,100,86,8.7,1
S02224,21,64,73,50,3.5,1
S02225,22,73,76,77,8.6,1
S02226,22,52,77,70,0.9,1
S02227,21,53,68,67,1.0,1
S02228,18,91,86,99,6.4,1
S02229,20,55,80,65,1.1,1
S02230,16,64,57,62,3.6,1
S02231,16,85,75,82,6.9,1
S02232,19,72,78,83,3.7,1
S02233,21,57,56,48,2.2,1
S02234,16,73,65,74,3.2,1
S02235,18,72,91,61,4.8,1
S02236,21,68,81,78,5.0,1
S02237,18,81,73,93,7.9,1
S02238,16,97,91,90,7.6,1
S02239,16,69,90,90,4.8,1
S02240,19,92,91,90,8.5,1
S02241,16,46,74,71,1.6,1
S02242,21,80,62,75,2.9,1
S02243,22,82,92,76,8.4,1
S02244,21,76,54,72,4.1,1
S02245,21,91,100,64,9.8,1
S02246,19,79,80,80,4.9,1
S02247,19,92,72,55,8.0,1
S02248,16,70,92,83,4.3,1
S02249,17,51,81,93,4.5,1
S02250,17,84,64,79,4.1,1
S02251,19,83,93,91,7.3,1
S02252,16,82,67,91,5.7,1
S02253,17,100,83,86,9.5,1
S02254,16,61,56,55,2.9,1
S02255,16,67,51,64,1.5,1
S02256,16,63,78,65,4.2,1
S02257,20,85,82,81,6.4,1
S02258,21,90,99,91,8.7,1
S02259,16,65,38,67,3.8,1
S02260,20,82,78,74,6.7,1
S02261,19,58,67,48,3.8,1
S02262,17,84,82,79,6.4,1
S02263,21,96,91,84,8.9,1
S02264,22,70,70,65,2.7,1
S02265,17,90,74,82,4.3,1
S02266,21,93,89,100,9.9,1
S02267,22,90,86,84,8.8,1
S02268,17,65,79,83,5.9,1
S02269,21,95,84,80,5.4,1
S02270,17,50,70,83,3.2,1
S02271,17,79,68,67,5.4,1
S02272,22,82,80,77,8.6,1
S02273,17,84,90,73,7.0,1
S02274,17,53,79,46,3.3,1
S02275,22,75,79,67,2.4,1
S02276,19,56,63,58,3.0,1
S02277,16,77,42,69,2.1,1
S02278,18,49,67,38,1.4,1
S02279,20,85,66,74,4.5,1
S02280,18,51,62,62,1.6,1
S02281,18,56,67,61,2.1,1
S02282,21,78,85,89,5.7,1
S02283,16,53,76,58,2.1,1
S02284,21,49,75,67,1.1,1
S02285,16,59,86,64,3.5,1
S02286,22,69,68,87,2.6,1
S02287,22,77,57,76,5.4,1
S02288,16,62,55,72,1.5,1
S02289,17,82,100,91,7.6,1
S02290,19,98,93,100,9.1,1
S02291,17,98,100,86,7.6,1
S02292,19,84,74,63,5.6,1
S02293,21,87,100,93,8.7,1
S02294,19,69,84,86,7.1,1
S02295,21,34,54,29,0.6,0
S02296,22,71,64,55,4.2,1
S02297,18,65,98,95,8.6,1
S02298,22,68,54,88,3.8,1
S02299,22,75,53,62,0.8,1
S02300,18,72,85,93,7.6,1
S02301,19,72,61,87,8.1,1
S02302,19,71,63,67,2.0,1
S02303,21,44,99,76,5.6,1
S02304,17,69,71,68,2.3,1
S02305,21,100,77,88,7.3,1
S02306,17,57,63,66,3.1,1
S02307,22,56,74,85,3.5,1
S02308,18,96,83,76,8.5,1
S02309,22,61,82,95,5.0,1
S02310,16,92,77,80,6.9,1
S02311,19,59,61,73,4.3,1
S02312,17,89,84,64,3.3,1
S02313,21,89,90,85,6.4,1
S02314,18,63,42,62,2.0,1
S02315,17,92,68,68,4.0,1
S02316,21,77,79,75,2.5,1
S02317,19,88,82,95,7.1,1
S02318,22,71,86,79,9.5,1
S02319,19,87,92,100,10.0,1
S02320,20,87,77,89,4.8,1
S02321,16,51,66,50,2.9,1
S02322,20,65,74,66,4.7,1
S02323,18,77,88,100,8.5,1
S02324,17,70,55,72,2.5,1
S02325,18,100,81,100,9.5,1
S02326,22,81,58,70,3.7,1
S02327,21,84,96,86,9.9,1
S02328,19,94,96,100,8.5,1
S02329,20,77,77,77,8.2,1
S02330,20,66,52,69,3.5,1
S02331,22,64,49,68,0.6,1
S02332,20,84,89,80,4.1,1
S02333,22,43,66,62,3.4,1
S02334,18,60,58,66,0.9,1
S02335,19,93,68,74,5.3,1
S02336,17,75,80,55,4.3,1
S02337,21,82,80,76,6.5,1
S02338,17,74,73,63,6.4,1
S02339,18,78,51,58,1.6,1
S02340,21,88,99,78,9.8,1
S02341,20,63,69,76,2.3,1
S02342,16,68,60,78,4.7,1
S02343,18,77,91,93,5.1,1
S02344,18,100,80,76,8.2,1
S02345,19,50,36,66,1.4,1
S02346,17,75,93,63,4.6,1
S02347,18,86,80,74,6.5,1
S02348,18,55,72,64,2.5,1
S02349,20,80,100,100,6.5,1
S02350,20,100,80,94,9.3,1
S02351,21,74,100,91,10.0,1
S02352,22,53,74,74,0.8,1
S02353,22,69,56,76,2.7,1
S02354,16,64,87,70,3.4,1
S02355,22,100,56,81,4.3,1
S02356,19,73,66,66,2.8,1
S02357,16,52,53,100,2.4,1
S02358,21,65,100,100,9.6,1
S02359,20,96,80,85,9.2,1
S02360,22,50,53,71,0.9,1
S02361,17,85,61,78,3.7,1
S02362,20,69,59,77,4.3,1
S02363,19,59,58,75,2.8,1
S02364,20,74,81,72,6.5,1
S02365,19,93,81,76,6.6,1
S02366,19,94,87,100,8.6,1
S02367,19,100,78,86,7.5,1
S02368,21,75,74,71,5.7,1
S02369,19,92,63,80,6.7,1
S02370,19,78,60,64,3.1,1
S02371,17,87,78,89,6.1,1
S02372,16,69,80,70,5.1,1
S02373,18,68,66,66,1.8,1
S02374,16,65,53,62,2.8,1
S02375,19,67,75,95,3.3,1
S02376,17,83,94,97,9.3,1
S02377,20,40,85,75,2.7,1
S02378,17,83,51,78,3.2,1
S02379,19,76,71,68,4.0,1
S02380,17,66,95,98,6.8,1
S02381,22,70,60,64,1.6,1
S02382,17,100,83,100,9.6,1
S02383,19,99,80,84,8.7,1
S02384,21,68,89,87,6.0,1
S02385,22,74,65,84,6.9,1
S02386,17,51,56,65,0.7,1
S02387,18,80,61,53,3.7,1
S02388,18,93,78,75,8.1,1
S02389,17,93,67,80,1.2,1
S02390,21,48,64,56,3.2,1
S02391,20,79,83,89,6.1,1
S02392,19,43,53,98,2.9,1
S02393,18,100,100,96,9.4,1
S02394,20,75,66,89,1.7,1
S02395,17,100,100,94,8.1,1
S02396,20,78,72,80,5.3,1
S02397,22,62,91,88,7.6,1
S02398,16,68,80,69,3.5,1
S02399,18,82,83,75,5.4,1
S02400,17,77,100,82,8.6,1
S02401,19,71,56,80,4.9,1
S02402,21,55,74,97,3.9,1
S02403,22,70,73,94,5.6,1
S02404,17,95,79,86,7.3,1
S02405,19,82,93,82,4.7,1
S02406,21,76,85,89,9.4,1
S02407,21,60,80,86,3.3,1
S02408,17,76,63,58,5.0,1
S02409,22,89,98,100,7.7,1
S02410,20,75,83,76,7.0,1
S02411,20,96,87,84,8.7,1
S02412,21,95,77,79,10.0,1
S02413,20,42,71,76,4.6,1
S02414,16,55,55,58,1.6,1
S02415,21,51,81,75,0.8,1
S02416,21,93,86,91,7.4,1
S02417,19,99,83,81,8.8,1
S02418,20,45,59,59,2.6,1
S02419,22,68,48,59,2.0,1
S02420,21,59,79,53,1.1,1
S02421,22,90,100,83,8.3,1
S02422,16,62,69,62,3.5,1
S02423,19,71,99,87,4.3,1
S02424,17,90,77,71,5.3,1
S02425,22,90,100,94,8.5,1
S02426,21,81,89,88,6.7,1
S02427,16,74,74,60,6.3,1
S02428,18,76,68,75,2.2,1
S02429,16,61,82,59,5.4,1
S02430,16,75,69,74,7.3,1
S02431,19,78,97,98,9.7,1
S02432,17,67,80,69,2.4,1
S02433,18,72,51,58,0.6,1
S02434,20,56,59,44,1.2,1
S02435,20,59,59,84,4.1,1
S02436,22,100,83,91,8.3,1
S02437,16,63,54,52,0.6,1
S02438,19,78,94,65,4.8,1
S02439,19,67,67,83,3.6,1
S02440,20,67,54,67,1.0,1
S02441,22,77,74,60,4.8,1
S02442,22,61,48,61,2.9,1
S02443,22,66,43,94,3.8,1
S02444,18,72,68,94,7.2,1
S02445,17,63,82,78,5.5,1
S02446,18,58,63,66,1.7,1
S02447,21,100,100,67,9.6,1
S02448,21,69,63,95,6.5,1
S02449,17,96,84,80,7.8,1
S02450,20,51,43,55,1.3,1
S02451,17,37,64,71,0.9,1
S02452,19,64,43,55,0.7,1
S02453,21,84,63,47,2.3,1
S02454,16,62,76,79,4.4,1
S02455,16,74,88,73,9.4,1
S02456,20,80,48,75,4.8,1
S02457,19,57,89,74,3.3,1
S02458,18,85,73,76,5.8,1
S02459,19,75,44,62,1.6,1
S02460,16,84,90,97,6.3,1
S02461,16,88,89,96,5.9,1
S02462,21,97,84,76,8.0,1
S02463,19,100,100,85,9.9,1
S02464,19,67,59,63,2.9,1
S02465,16,86,79,77,5.3,1
S02466,18,93,98,88,9.1,1
S02467,20,92,100,100,8.0,1
S02468,22,100,53,74,5.1,1
S02469,20,96,100,79,9.5,1
S02470,19,41,75,57,1.0,1
S02471,20,90,98,94,9.3,1
S02472,16,55,51,60,1.0,1
S02473,16,75,68,82,5.7,1
S02474,19,100,95,86,9.0,1
S02475,19,81,74,78,3.0,1
S02476,22,74,80,75,5.0,1
S02477,22,53,73,58,3.6,1
S02478,21,94,98,87,9.5,1
S02479,19,82,62,100,8.3,1
S02480,18,86,81,97,7.2,1
S02481,20,78,64,67,6.1,1
S02482,19,100,88,100,8.3,1
S02483,17,75,89,75,4.2,1
S02484,21,68,64,70,4.8,1
S02485,17,68,77,81,7.4,1
S02486,16,70,62,73,3.9,1
S02487,22,59,53,75,1.1,1
S02488,20,57,68,66,1.2,1
S02489,19,71,73,69,1.6,1
S02490,17,74,100,100,8.8,1
S02491,20,66,64,72,5.0,1
S02492,16,85,93,87,7.3,1
S02493,22,65,83,78,4.2,1
S02494,18,63,88,71,3.0,1
S02495,21,69,60,78,3.8,1
S02496,20,95,63,78,8.0,1
S02497,20,79,78,91,6.4,1
S02498,18,69,100,84,9.4,1
S02499,20,76,70,87,7.0,1
S02500,16,85,85,81,5.9,1
S02501,16,89,54,73,6.3,1
S02502,18,100,100,100,9.5,1
S02503,21,100,65,100,8.0,1
S02504,19,59,31,52,0.7,1
S02505,17,81,79,87,5.6,1
S02506,19,71,85,81,7.0,1
S02507,20,59,100,77,7.6,1
S02508,17,48,77,72,2.5,1
S02509,18,81,66,97,8.7,1
S02510,18,77,92,92,9.6,1
S02511,21,62,59,65,2.7,1
S02512,17,85,75,100,8.9,1
S02513,16,72,68,79,1.4,1
S02514,17,47,73,56,1.0,1
S02515,20,63,54,66,1.7,1
S02516,16,54,57,46,1.0,1
S02517,22,77,86,96,8.5,1
S02518,22,51,53,78,1.1,1
S02519,22,43,64,74,3.1,1
S02520,18,70,55,53,1.5,1
S02521,17,85,71,88,3.3,1
S02522,22,57,55,87,1.4,1
S02523,19,83,88,77,6.8,1
S02524,21,59,57,71,1.8,1
S02525,19,80,97,97,8.6,1
S02526,22,97,81,95,8.3,1
S02527,21,61,67,62,0.6,1
S02528,20,56,81,100,9.0,1
S02529,19,46,71,45,0.8,1
S02530,17,42,46,52,2.8,1
S02531,17,77,60,62,0.8,1
S02532,19,68,64,91,3.7,1
S02533,22,79,77,90,5.4,1
S02534,17,83,74,69,8.1,1
S02535,20,83,69,100,3.7,1
S02536,16,94,71,89,7.2,1
S02537,22,62,63,55,2.3,1
S02538,20,100,82,83,7.6,1
S02539,21,68,71,79,2.7,1
S02540,20,45,65,80,1.9,1
S02541,22,65,88,67,2.3,1
S02542,21,70,59,73,2.2,1
S02543,22,75,76,76,5.4,1
S02544,17,84,100,86,8.5,1
S02545,16,81,59,72,1.3,1
S02546,22,70,96,99,7.2,1
S02547,22,49,89,69,6.7,1
S02548,17,100,100,86,8.8,1
S02549,18,51,50,62,2.8,1
S02550,17,71,57,64,4.8,1
S02551,21,88,79,78,9.3,1
S02552,17,97,85,82,6.8,1
S02553,17,89,61,62,4.2,1
S02554,16,46,38,53,1.7,1
S02555,17,83,57,68,3.0,1
S02556,22,95,84,68,6.0,1
S02557,16,84,74,89,7.3,1
S02558,19,73,77,60,1.7,1
S02559,18,92,67,67,6.2,1
S02560,16,75,79,100,5.7,1
S02561,21,75,73,54,5.4,1
S02562,19,90,86,92,7.1,1
S02563,16,69,93,91,8.5,1
S02564,16,65,90,66,3.6,1
S02565,18,76,99,78,8.9,1
S02566,22,80,60,85,2.0,1
S02567,21,59,72,90,2.1,1
S02568,20,70,77,66,3.0,1
S02569,20,59,88,60,1.6,1
S02570,16,62,65,81,2.7,1
S02571,17,64,62,62,1.5,1
S02572,21,79,100,93,8.3,1
S02573,19,60,40,72,1.8,1
S02574,17,83,83,85,7.6,1
S02575,17,54,69,65,1.0,1
S02576,21,98,100,94,9.5,1
S02577,22,79,58,71,7.3,1
S02578,16,77,43,54,0.6,1
S02579,16,94,57,87,7.8,1
S02580,16,60,88,72,5.4,1
S02581,16,93,89,100,7.9,1
S02582,20,69,95,79,5.5,1
S02583,16,83,82,62,6.6,1
S02584,20,78,100,55,8.0,1
S02585,20,46,62,83,4.3,1
S02586,22,57,54,63,0.5,1
S02587,16,72,95,100,8.6,1
S02588,18,76,64,66,4.1,1
S02589,19,78,82,75,5.2,1
S02590,17,50,58,65,0.6,1
S02591,20,98,75,75,5.2,1
S02592,21,80,93,89,9.9,1
S02593,21,60,77,78,3.1,1
S02594,19,59,69,65,4.3,1
S02595,21,100,70,88,7.0,1
S02596,18,100,89,100,8.2,1
S02597,21,56,66,93,4.5,1
S02598,17,59,58,51,3.4,1
S02599,17,83,72,85,9.4,1
S02600,20,76,94,85,6.9,1
S02601,16,49,71,79,1.6,1
S02602,22,53,78,66,1.2,1
S02603,18,87,76,90,5.1,1
S02604,20,89,80,61,2.6,1
S02605,18,48,57,73,2.9,1
S02606,16,78,68,92,8.8,1
S02607,21,63,53,79,1.4,1
S02608,21,65,82,93,7.3,1
S02609,22,70,73,78,3.1,1
S02610,16,92,100,94,7.7,1
S02611,20,93,89,70,7.4,1
S02612,22,64,86,60,0.6,1
S02613,16,70,79,66,5.3,1
S02614,19,60,65,59,1.8,1
S02615,17,76,94,86,8.7,1
S02616,22,96,95,63,8.8,1
S02617,22,92,78,73,4.5,1
S02618,20,79,60,66,4.7,1
S02619,18,60,80,59,3.4,1
S02620,19,96,100,84,7.3,1
S02621,20,99,61,68,3.9,1
S02622,16,70,68,73,3.0,1
S02623,16,80,58,68,4.6,1
S02624,16,69,71,63,1.4,1
S02625,16,66,95,100,7.6,1
S02626,18,52,41,69,0.6,1
S02627,19,75,66,72,6.6,1
S02628,21,74,40,81,2.2,1
S02629,17,74,86,86,2.7,1
S02630,18,80,72,87,6.5,1
S02631,18,88,93,83,9.9,1
S02632,21,66,83,97,7.9,1
S02633,21,65,79,62,2.6,1
S02634,17,52,73,82,2.2,1
S02635,17,77,97,85,8.7,1
S02636,21,85,65,72,4.7,1
S02637,16,72,72,72,1.8,1
S02638,18,84,100,100,8.7,1
S02639,20,69,96,100,8.3,1
S02640,17,84,79,92,9.8,1
S02641,17,100,78,85,9.1,1
S02642,21,95,100,78,8.6,1
S02643,19,53,84,47,1.0,1
S02644,20,62,62,54,1.5,1
S02645,20,54,79,81,5.9,1
S02646,17,51,80,89,5.5,1
S02647,16,98,83,66,4.9,1
S02648,19,78,56,82,4.3,1
S02649,20,73,77,65,4.6,1
S02650,17,74,67,71,5.9,1
S02651,20,36,59,50,0.5,1
S02652,22,79,58,84,3.0,1
S02653,19,63,70,95,5.4,1
S02654,19,93,87,76,7.4,1
S02655,22,65,58,58,2.2,1
S02656,18,77,65,85,5.7,1
S02657,22,69,100,100,7.3,1
S02658,21,58,62,93,4.7,1
S02659,21,63,32,58,0.8,1
S02660,17,75,82,73,4.8,1
S02661,19,69,66,57,3.3,1
S02662,18,96,92,85,9.3,1
S02663,18,39,65,67,1.7,1
S02664,20,94,98,67,6.7,1
S02665,20,55,83,57,1.0,1
S02666,22,88,78,77,4.7,1
S02667,18,54,65,62,5.8,1
S02668,22,75,71,76,3.3,1
S02669,22,81,82,87,4.8,1
S02670,20,46,77,73,2.1,1
S02671,19,61,72,65,3.4,1
S02672,22,68,75,93,6.4,1
S02673,16,79,59,86,3.4,1
S02674,19,95,90,92,9.0,1
S02675,18,100,64,82,6.5,1
S02676,18,76,80,68,4.7,1
S02677,22,67,63,58,0.9,1
S02678,19,90,79,88,5.2,1
S02679,20,93,95,100,7.8,1
S02680,20,62,86,65,3.0,1
S02681,21,81,87,84,8.2,1
S02682,18,66,69,62,2.9,1
S02683,17,98,84,82,8.3,1
S02684,21,51,69,50,1.3,1
S02685,20,98,90,93,8.7,1
S02686,19,80,91,63,5.2,1
S02687,20,53,83,65,3.3,1
S02688,19,74,72,69,3.0,1
S02689,21,75,74,60,4.6,1
S02690,18,88,92,83,10.0,1
S02691,20,67,73,56,2.6,1
S02692,22,55,68,77,1.5,1
S02693,19,82,77,95,6.1,1
S02694,18,73,80,68,5.1,1
S02695,17,59,69,100,5.5,1
S02696,19,81,88,71,6.8,1
S02697,21,62,60,65,3.0,1
S02698,17,99,100,95,9.2,1
S02699,17,84,71,81,4.6,1
S02700,16,56,84,62,1.7,1
S02701,20,76,86,96,7.6,1
S02702,19,61,85,94,6.6,1
S02703,17,59,54,71,3.5,1
S02704,16,77,98,79,6.4,1
S02705,21,49,66,62,2.6,1
S02706,18,85,96,64,4.7,1
S02707,22,94,92,80,9.0,1
S02708,22,61,61,72,1.8,1
S02709,19,72,67,73,4.2,1
S02710,17,92,96,84,8.3,1
S02711,22,100,100,85,9.7,1
S02712,20,84,59,69,4.8,1
S02713,22,72,70,76,5.3,1
S02714,22,77,88,78,5.9,1
S02715,22,95,85,90,9.4,1
S02716,16,88,80,83,8.7,1
S02717,17,74,67,59,2.1,1
S02718,20,88,76,75,4.6,1
S02719,17,79,70,83,4.9,1
S02720,19,76,100,80,8.0,1
S02721,19,86,79,54,6.2,1
S02722,19,86,67,66,6.7,1
S02723,21,83,76,100,10.0,1
S02724,22,64,74,75,1.2,1
S02725,21,59,54,75,2.6,1
S02726,16,82,74,80,4.4,1
S02727,19,76,61,83,3.8,1
S02728,20,60,58,58,0.7,1
S02729,17,61,66,66,1.4,1
S02730,22,57,67,74,7.0,1
S02731,18,76,85,87,8.9,1
S02732,20,75,69,98,5.4,1
S02733,22,96,67,69,5.6,1
S02734,21,73,64,56,2.9,1
S02735,21,100,79,83,7.8,1
S02736,20,86,96,80,7.6,1
S02737,21,79,72,82,6.1,1
S02738,19,82,72,77,2.5,1
S02739,16,59,67,60,1.4,1
S02740,17,48,43,87,1.1,1
S02741,16,83,74,93,6.1,1
S02742,22,100,87,78,8.3,1
S02743,17,80,93,87,8.7,1
S02744,17,82,73,81,4.9,1
S02745,16,86,100,76,8.0,1
S02746,20,98,94,68,9.5,1
S02747,17,71,74,91,3.1,1
S02748,16,67,66,62,4.3,1
S02749,17,91,98,99,9.3,1
S02750,18,66,94,80,3.7,1
S02751,20,93,98,80,9.2,1
S02752,19,84,100,100,9.8,1
S02753,17,75,79,82,6.8,1
S02754,18,83,100,88,8.3,1
S02755,19,90,98,67,7.6,1
S02756,19,66,87,59,7.1,1
S02757,22,67,69,68,3.4,1
S02758,17,51,43,77,1.0,1
S02759,16,65,71,52,3.8,1
S02760,17,74,90,83,6.8,1
S02761,18,63,54,66,1.5,1
S02762,19,56,44,76,0.6,1
S02763,17,71,65,77,1.8,1
S02764,16,89,88,85,7.3,1
S02765,22,75,78,90,9.7,1
S02766,17,83,95,83,9.8,1
S02767,20,74,80,64,5.2,1
S02768,22,90,100,81,8.8,1
S02769,16,75,80,72,7.5,1
S02770,18,92,100,76,5.3,1
S02771,19,89,80,78,5.9,1
S02772,17,42,49,63,1.8,1
S02773,16,97,89,91,9.4,1
S02774,22,70,58,67,3.8,1
S02775,20,89,73,84,4.7,1
S02776,16,64,89,85,6.9,1
S02777,21,95,74,67,3.7,1
S02778,20,56,54,56,2.9,1
S02779,22,86,67,80,6.5,1
S02780,18,51,65,75,0.7,1
S02781,19,80,92,90,7.3,1
S02782,22,56,72,86,5.4,1
S02783,18,95,50,88,6.3,1
S02784,17,78,68,94,6.5,1
S02785,16,75,90,87,5.5,1
S02786,21,100,71,81,6.0,1
S02787,20,95,79,78,7.0,1
S02788,20,78,93,94,7.7,1
S02789,16,77,81,57,7.4,1
S02790,21,93,100,100,8.8,1
S02791,16,73,61,75,2.3,1
S02792,17,93,63,92,4.3,1
S02793,18,74,100,78,9.5,1
S02794,22,81,74,87,4.3,1
S02795,20,72,51,73,1.7,1
S02796,17,68,84,71,5.5,1
S02797,18,57,59,63,1.5,1
S02798,17,45,52,65,2.4,1
S02799,21,89,96,88,10.0,1
S02800,20,80,76,63,5.6,1
S02801,22,87,49,83,3.2,1
S02802,16,100,82,82,10.0,1
S02803,16,81,100,79,9.7,1
S02804,18,91,76,88,4.7,1
S02805,22,44,85,54,3.0,1
S02806,19,82,93,84,8.5,1
S02807,21,81,100,72,7.3,1
S02808,18,86,90,100,7.0,1
S02809,19,92,80,100,9.0,1
S02810,17,87,91,73,7.0,1
S02811,21,66,58,59,3.2,1
S02812,17,95,95,91,7.1,1
S02813,22,77,73,76,3.4,1
S02814,20,82,86,81,7.7,1
S02815,21,91,76,76,6.4,1
S02816,19,85,71,61,1.2,1
S02817,20,69,76,87,5.4,1
S02818,16,90,49,89,3.8,1
S02819,19,62,50,92,3.6,1
S02820,18,97,65,72,6.2,1
S02821,16,63,80,72,3.6,1
S02822,16,96,97,100,7.9,1
S02823,18,62,65,54,1.2,1
S02824,21,61,87,74,6.8,1
S02825,16,100,100,95,8.2,1
S02826,22,72,87,77,6.9,1
S02827,19,61,84,60,5.2,1
S02828,20,85,93,81,9.5,1
S02829,16,99,64,81,3.3,1
S02830,19,43,56,65,0.7,1
S02831,17,76,99,58,4.6,1
S02832,19,45,47,56,0.8,1
S02833,20,82,97,100,9.6,1
S02834,19,46,48,67,2.5,1
S02835,18,91,80,83,8.0,1
S02836,20,85,96,85,7.9,1
S02837,21,52,45,71,2.6,1
S02838,17,91,92,76,6.4,1
S02839,18,71,85,78,1.0,1
S02840,21,80,81,71,5.1,1
S02841,19,71,74,73,0.6,1
S02842,20,88,95,100,9.3,1
S02843,17,98,100,96,9.8,1
S02844,18,61,72,57,2.6,1
S02845,21,47,60,70,2.5,1
S02846,21,88,79,78,7.7,1
S02847,17,69,82,79,2.9,1
S02848,22,91,91,91,9.0,1
S02849,19,83,78,78,6.0,1
S02850,17,87,69,61,3.8,1
S02851,21,86,93,66,8.4,1
S02852,16,64,63,68,5.2,1
S02853,18,89,90,97,9.2,1
S02854,17,91,96,100,9.3,1
S02855,22,75,50,63,2.1,1
S02856,21,58,61,51,0.5,1
S02857,19,80,83,93,9.8,1
S02858,21,100,95,97,9.1,1
S02859,19,67,87,72,1.0,1
S02860,17,90,87,89,8.4,1
S02861,19,86,62,98,4.8,1
S02862,20,80,71,84,3.0,1
S02863,20,86,96,75,8.8,1
S02864,20,54,55,52,2.4,1
S02865,22,93,72,78,9.5,1
S02866,22,71,55,81,2.5,1
S02867,16,79,80,61,6.3,1
S02868,22,54,61,73,2.6,1
S02869,17,80,92,76,5.7,1
S02870,21,59,90,69,7.0,1
S02871,21,60,67,70,2.3,1
S02872,16,87,57,75,5.4,1
S02873,22,86,84,85,5.0,1
S02874,19,15,85,46,1.2,1
S02875,16,86,99,77,8.3,1
S02876,19,77,63,62,3.7,1
S02877,19,65,78,86,6.0,1
S02878,18,72,83,75,5.4,1
S02879,21,91,94,90,5.4,1
S02880,20,55,54,60,1.5,1
S02881,22,92,69,77,4.5,1
S02882,19,65,75,92,4.8,1
S02883,18,100,84,64,7.5,1
S02884,21,89,99,88,8.5,1
S02885,20,67,82,78,5.7,1
S02886,19,77,45,55,1.3,1
S02887,19,52,60,67,2.8,1
S02888,16,54,57,70,2.1,1
S02889,16,68,37,57,1.7,1
S02890,21,72,83,73,4.0,1
S02891,20,69,69,57,2.7,1
S02892,19,61,60,66,2.6,1
S02893,21,45,72,73,1.0,1
S02894,21,50,63,73,0.7,1
S02895,17,77,47,78,1.5,1
S02896,22,47,72,66,2.1,1
S02897,16,93,91,71,4.6,1
S02898,20,80,75,85,5.3,1
S02899,19,55,63,79,1.8,1
S02900,21,49,75,75,4.5,1
S02901,19,47,56,88,3.7,1
S02902,17,60,67,75,2.2,1
S02903,20,52,49,56,0.6,1
S02904,21,76,76,71,4.9,1
S02905,19,100,86,82,7.0,1
S02906,16,72,73,51,2.6,1
S02907,22,61,71,60,1.8,1
S02908,17,100,80,100,8.9,1
S02909,20,69,71,85,3.1,1
S02910,17,85,78,71,2.6,1
S02911,16,81,76,93,8.6,1
S02912,20,74,100,83,8.3,1
S02913,17,50,64,68,4.8,1
S02914,18,74,96,83,5.1,1
S02915,16,51,55,63,2.6,1
S02916,16,45,61,82,1.2,1
S02917,16,91,77,83,5.9,1
S02918,18,40,46,69,1.4,1
S02919,18,75,84,64,4.8,1
S02920,19,92,100,65,9.4,1
S02921,21,95,100,96,9.6,1
S02922,22,83,65,63,2.8,1
S02923,17,71,73,91,6.4,1
S02924,19,92,89,66,5.0,1
S02925,17,69,93,82,8.8,1
S02926,22,75,60,82,3.1,1
S02927,21,75,61,66,0.5,1
S02928,18,14,45,55,2.0,0
S02929,21,70,73,73,3.8,1
S02930,18,68,78,92,3.5,1
S02931,22,88,85,87,8.0,1
S02932,21,100,92,81,7.0,1
S02933,19,59,79,80,3.3,1
S02934,20,60,79,79,4.8,1
S02935,19,62,84,80,1.4,1
S02936,17,100,100,97,9.0,1
S02937,19,99,100,100,9.4,1
S02938,22,95,99,100,9.8,1
S02939,16,87,87,85,8.8,1
S02940,17,40,58,60,2.2,1
S02941,21,66,70,48,0.9,1
S02942,17,87,77,77,6.0,1
S02943,20,83,80,75,9.2,1
S02944,18,58,56,71,2.2,1
S02945,21,45,51,55,0.6,1
S02946,17,98,100,97,8.2,1
S02947,21,55,72,72,1.2,1
S02948,21,71,74,70,4.4,1
S02949,21,90,88,93,6.9,1
S02950,18,70,74,70,2.7,1
S02951,22,67,52,45,1.3,1
S02952,19,88,73,74,7.8,1
S02953,21,83,94,73,6.5,1
S02954,16,97,78,92,9.9,1
S02955,22,76,71,67,3.8,1
S02956,20,65,53,58,1.1,1
S02957,18,70,88,90,7.5,1
S02958,17,70,75,86,5.5,1
S02959,18,63,73,61,2.5,1
S02960,17,92,59,76,7.9,1
S02961,18,84,80,82,2.4,1
S02962,17,57,77,100,3.0,1
S02963,21,71,74,54,1.4,1
S02964,19,65,84,84,4.3,1
S02965,17,89,78,73,4.5,1
S02966,17,100,70,85,5.4,1
S02967,16,63,90,73,7.2,1
S02968,17,87,95,75,9.1,1
S02969,16,34,74,53,1.8,1
S02970,20,39,68,57,1.0,1
S02971,21,38,61,60,0.7,1
S02972,16,70,69,76,1.9,1
S02973,19,87,89,73,6.8,1
S02974,22,94,98,77,7.4,1
S02975,21,94,100,100,8.0,1
S02976,16,72,75,70,2.8,1
S02977,21,70,76,74,3.4,1
S02978,21,74,74,85,5.1,1
S02979,21,72,57,58,1.1,1
S02980,20,80,72,80,6.3,1
S02981,19,100,56,88,9.8,1
S02982,18,43,62,72,3.9,1
S02983,18,72,84,94,7.7,1
S02984,16,88,73,84,5.3,1
S02985,21,54,69,40,1.7,1
S02986,16,62,70,90,6.0,1
S02987,20,76,60,67,3.3,1
S02988,20,58,35,67,0.8,1
S02989,17,76,87,76,6.5,1
S02990,20,100,79,87,8.7,1
S02991,17,86,63,87,3.8,1
S02992,19,70,80,77,4.2,1
S02993,16,100,81,100,9.0,1
S02994,22,61,93,86,8.2,1
S02995,19,97,70,82,7.3,1
S02996,20,54,68,69,2.9,1
S02997,19,74,84,75,9.1,1
S02998,19,42,61,37,2.0,1
S02999,19,59,100,72,6.5,1
S03000,20,71,40,74,0.8,1
S03001,22,89,99,97,6.6,1
S03002,21,58,58,48,3.1,1
S03003,19,84,86,90,4.8,1
S03004,17,63,84,66,3.8,1
S03005,20,67,70,51,2.1,1
S03006,19,75,67,92,6.4,1
S03007,22,89,94,83,8.9,1
S03008,21,83,100,100,9.6,1
S03009,20,55,66,60,2.3,1
S03010,18,91,84,80,7.3,1
S03011,21,91,80,71,6.8,1
S03012,17,65,78,74,3.8,1
S03013,19,39,59,71,0.7,1
S03014,22,100,87,64,7.1,1
S03015,18,93,90,98,9.5,1
S03016,22,85,69,76,6.5,1
S03017,18,58,100,65,4.6,1
S03018,20,92,77,62,5.5,1
S03019,18,81,100,78,2.4,1
S03020,17,65,91,87,7.6,1
S03021,17,84,93,78,7.6,1
S03022,16,60,61,75,1.9,1
S03023,17,100,83,94,8.8,1
S03024,21,85,65,79,3.1,1
S03025,18,77,84,100,9.8,1
S03026,17,63,61,76,4.1,1
S03027,20,53,87,88,2.2,1
S03028,22,75,81,88,3.8,1
S03029,22,93,93,84,4.7,1
S03030,16,61,75,45,1.2,1
S03031,22,85,73,80,6.0,1
S03032,18,72,62,83,6.2,1
S03033,16,91,80,86,7.5,1
S03034,18,53,61,61,0.8,1
S03035,20,58,92,85,5.6,1
S03036,16,64,60,72,1.0,1
S03037,19,84,100,65,7.2,1
S03038,21,46,56,78,1.0,1
S03039,21,100,99,73,9.2,1
S03040,18,75,77,79,7.2,1
S03041,22,84,82,67,5.3,1
S03042,19,69,73,67,4.7,1
S03043,16,80,60,77,1.7,1
S03044,19,65,62,72,3.3,1
S03045,19,70,92,96,8.8,1
S03046,22,100,100,96,9.1,1
S03047,16,75,47,41,0.5,1
S03048,20,74,80,73,6.1,1
S03049,22,92,91,92,7.3,1
S03050,19,82,90,88,6.4,1
S03051,19,56,84,45,1.3,1
S03052,20,75,74,80,2.6,1
S03053,19,57,63,76,2.9,1
S03054,19,89,82,76,8.4,1
S03055,19,78,69,80,4.9,1
S03056,21,78,69,74,5.1,1
S03057,22,83,95,95,9.4,1
S03058,17,100,87,61,6.6,1
S03059,22,100,100,85,9.0,1
S03060,20,86,83,88,4.8,1
S03061,19,80,79,72,1.9,1
S03062,22,93,84,98,9.3,1
S03063,21,70,95,73,4.9,1
S03064,20,51,58,73,2.2,1
S03065,18,60,74,69,3.4,1
S03066,22,47,58,53,1.0,1
S03067,18,68,75,73,4.9,1
S03068,19,93,98,100,8.6,1
S03069,21,100,75,100,9.4,1
S03070,21,100,83,79,9.4,1
S03071,22,48,72,61,1.7,1
S03072,20,80,73,63,4.1,1
S03073,20,72,57,65,0.8,1
S03074,21,86,76,98,8.6,1
S03075,20,85,69,95,3.9,1
S03076,21,92,90,65,6.5,1
S03077,22,69,78,93,7.3,1
S03078,17,100,91,75,4.6,1
S03079,21,60,83,67,3.4,1
S03080,18,100,89,80,9.6,1
S03081,20,100,87,100,9.7,1
S03082,21,53,36,52,3.2,1
S03083,21,78,63,71,5.1,1
S03084,22,100,80,95,9.7,1
S03085,20,42,42,67,0.5,1
S03086,17,74,73,88,4.4,1
S03087,22,73,66,55,1.5,1
S03088,17,89,99,84,5.3,1
S03089,22,53,60,62,0.7,1
S03090,20,91,49,75,4.4,1
S03091,16,81,58,63,2.6,1
S03092,20,80,86,80,5.6,1
S03093,20,87,94,90,10.0,1
S03094,17,73,98,82,8.1,1
S03095,17,94,83,81,8.5,1
S03096,20,99,96,85,6.5,1
S03097,20,57,63,48,0.9,1
S03098,20,55,70,66,2.5,1
S03099,17,100,94,81,9.3,1
S03100,20,73,63,71,4.0,1
S03101,20,67,62,64,1.5,1
S03102,19,77,88,93,7.2,1
S03103,16,64,53,78,3.3,1
S03104,18,61,70,73,3.1,1
S03105,16,100,100,94,10.0,1
S03106,19,86,95,86,8.7,1
S03107,18,80,90,72,4.4,1
S03108,22,87,99,72,9.8,1
S03109,20,88,72,90,6.7,1
S03110,19,93,95,87,7.5,1
S03111,22,62,46,76,0.8,1
S03112,20,73,61,59,1.7,1
S03113,17,75,78,95,6.5,1
S03114,21,99,83,87,9.0,1
S03115,19,83,100,74,6.4,1
S03116,17,52,63,83,1.8,1
S03117,19,39,85,69,1.6,1
S03118,19,69,93,100,8.5,1
S03119,17,36,54,68,1.8,1
S03120,18,82,73,86,5.4,1
S03121,16,55,60,74,0.9,1
S03122,20,61,58,61,1.3,1
S03123,19,80,80,86,6.9,1
S03124,20,90,90,84,7.0,1
S03125,21,77,75,81,3.7,1
S03126,17,66,75,56,2.5,1
S03127,20,89,100,93,8.2,1
S03128,17,67,61,78,2.6,1
S03129,20,94,92,70,5.6,1
S03130,16,70,100,81,9.7,1
S03131,16,55,80,48,1.9,1
S03132,16,100,72,100,9.4,1
S03133,16,77,87,59,2.2,1
S03134,16,84,72,94,5.9,1
S03135,16,69,50,71,4.1,1
S03136,17,100,100,100,9.7,1
S03137,19,70,75,76,3.1,1
S03138,20,73,80,97,4.3,1
S03139,16,100,90,100,9.8,1
S03140,17,83,80,80,5.6,1
S03141,17,87,75,80,5.3,1
S03142,17,79,61,77,2.9,1
S03143,19,79,85,100,7.2,1
S03144,20,79,61,63,0.6,1
S03145,19,29,45,49,1.0,1
S03146,18,56,81,83,6.2,1
S03147,22,62,50,65,3.7,1
S03148,17,88,100,93,9.6,1
S03149,18,96,90,100,9.1,1
S03150,21,76,72,89,7.3,1
S03151,16,88,95,80,8.3,1
S03152,22,80,74,80,6.8,1
S03153,16,86,63,54,1.7,1
S03154,19,77,92,99,7.8,1
S03155,22,45,54,77,2.5,1
S03156,20,83,94,60,3.6,1
S03157,18,80,100,100,8.3,1
S03158,20,76,72,76,5.6,1
S03159,19,82,77,91,8.7,1
S03160,16,74,60,64,2.5,1
S03161,22,64,75,85,6.3,1
S03162,20,27,75,65,1.3,1
S03163,20,97,76,66,6.6,1
S03164,16,89,72,98,7.7,1
S03165,22,92,81,70,6.1,1
S03166,18,82,51,80,3.0,1
S03167,16,47,73,60,0.8,1
S03168,20,62,70,66,1.6,1
S03169,18,87,74,86,6.4,1
S03170,18,91,87,92,9.4,1
S03171,16,61,69,76,2.5,1
S03172,20,82,72,76,7.5,1
S03173,19,100,81,99,8.7,1
S03174,20,73,75,66,5.4,1
S03175,17,90,67,72,6.9,1
S03176,22,92,83,93,8.2,1
S03177,21,55,56,81,3.0,1
S03178,19,72,87,74,3.3,1
S03179,18,39,54,78,0.5,1
S03180,19,98,82,82,9.6,1
S03181,22,100,100,77,9.2,1
S03182,18,100,79,94,7.8,1
S03183,22,49,49,66,1.3,1
S03184,18,68,86,84,4.8,1
S03185,19,64,59,53,1.5,1
S03186,18,52,70,57,0.7,1
S03187,18,57,81,100,6.4,1
S03188,17,87,95,89,9.6,1
S03189,20,95,98,100,9.1,1
S03190,20,96,76,91,7.1,1
S03191,21,81,53,61,1.4,1
S03192,21,69,83,85,3.1,1
S03193,17,76,77,75,3.5,1
S03194,21,97,85,85,7.7,1
S03195,22,63,97,85,8.1,1
S03196,19,60,79,78,4.2,1
S03197,16,74,85,62,4.5,1
S03198,22,77,47,73,0.9,1
S03199,16,75,68,75,3.2,1
S03200,16,78,89,69,4.8,1
S03201,17,59,83,51,1.6,1
S03202,22,79,69,73,4.8,1
S03203,17,82,92,90,8.6,1
S03204,18,70,80,81,6.0,1
S03205,16,51,47,65,1.2,1
S03206,19,80,62,75,2.3,1
S03207,21,65,57,63,5.0,1
S03208,19,66,70,72,3.9,1
S03209,21,76,59,76,3.9,1
S03210,16,66,80,83,5.5,1
S03211,16,82,76,89,6.1,1
S03212,16,90,84,84,8.1,1
S03213,17,62,90,72,3.7,1
S03214,22,85,89,78,8.2,1
S03215,21,58,94,76,3.7,1
S03216,22,76,66,54,1.0,1
S03217,17,81,89,85,5.8,1
S03218,17,67,70,93,6.1,1
S03219,20,94,84,95,9.4,1
S03220,19,87,85,98,7.4,1
S03221,19,65,100,84,9.2,1
S03222,18,100,87,76,9.1,1
S03223,17,68,63,78,6.2,1
S03224,21,100,83,71,5.5,1
S03225,20,88,80,73,5.8,1
S03226,20,81,88,67,9.8,1
S03227,22,82,82,87,7.8,1
S03228,19,72,52,65,1.5,1
S03229,17,84,98,95,7.9,1
S03230,18,78,65,73,2.1,1
S03231,17,69,78,73,4.7,1
S03232,22,64,59,78,2.5,1
S03233,16,95,100,92,7.1,1
S03234,17,97,93,83,8.8,1
S03235,22,57,44,73,3.3,1
S03236,16,65,67,81,1.3,1
S03237,16,70,66,74,3.3,1
S03238,18,72,81,73,6.9,1
S03239,21,53,83,59,3.6,1
S03240,19,44,70,54,3.1,1
S03241,17,61,86,45,2.3,1
S03242,16,75,78,71,5.2,1
S03243,17,73,63,68,3.1,1
S03244,21,94,63,73,7.4,1
S03245,19,55,53,56,1.2,1
S03246,21,81,79,71,6.8,1
S03247,19,57,85,52,2.8,1
S03248,20,76,71,74,5.1,1
S03249,19,79,89,78,3.2,1
S03250,18,86,71,78,7.4,1
S03251,21,100,84,100,9.5,1
S03252,16,100,100,91,9.2,1
S03253,20,96,73,89,6.0,1
S03254,18,76,89,76,4.9,1
S03255,17,82,79,94,8.3,1
S03256,21,90,75,67,7.0,1
S03257,22,59,73,76,2.2,1
S03258,22,95,79,87,8.3,1
S03259,16,65,71,87,4.6,1
S03260,19,54,70,65,2.3,1
S03261,16,82,66,89,3.2,1
S03262,22,55,62,75,3.0,1
S03263,17,89,63,67,5.4,1
S03264,20,73,85,81,2.7,1
S03265,20,63,83,54,1.7,1
S03266,21,39,67,53,1.7,1
S03267,20,97,77,93,6.0,1
S03268,21,74,83,88,7.5,1
S03269,21,81,81,72,3.6,1
S03270,21,50,72,57,0.8,1
S03271,22,53,57,75,1.7,1
S03272,22,100,100,86,9.2,1
S03273,19,82,84,79,5.2,1
S03274,18,60,88,63,4.8,1
S03275,21,76,41,62,0.9,1
S03276,21,82,80,86,7.4,1
S03277,18,78,76,83,5.5,1
S03278,16,61,60,71,2.4,1
S03279,21,48,86,61,1.5,1
S03280,19,80,68,76,4.1,1
S03281,20,92,95,98,8.5,1
S03282,20,80,92,72,8.7,1
S03283,17,91,77,78,6.2,1
S03284,17,85,77,86,7.4,1
S03285,20,62,88,55,1.6,1
S03286,20,100,78,90,6.1,1
S03287,22,63,93,88,6.8,1
S03288,19,45,66,79,2.4,1
S03289,18,74,85,100,8.9,1
S03290,17,69,67,71,2.4,1
S03291,22,65,74,68,3.5,1
S03292,22,77,76,91,6.4,1
S03293,18,70,73,75,6.6,1
S03294,22,100,90,88,7.1,1
S03295,19,85,64,77,1.6,1
S03296,20,100,82,97,8.6,1
S03297,21,59,67,93,5.6,1
S03298,18,69,80,73,5.0,1
S03299,20,100,71,99,9.8,1
S03300,20,84,82,85,7.5,1
S03301,16,72,65,68,1.6,1
S03302,18,100,100,87,7.7,1
S03303,22,83,62,70,1.4,1
S03304,21,50,56,62,0.8,1
S03305,18,73,77,58,4.3,1
S03306,22,89,86,93,9.9,1
S03307,20,40,63,71,2.2,1
S03308,21,91,84,82,6.9,1
S03309,22,70,73,72,2.1,1
S03310,19,78,77,82,7.4,1
S03311,22,57,77,74,5.3,1
S03312,16,78,62,98,7.0,1
S03313,20,73,72,93,2.4,1
S03314,22,100,83,94,7.6,1
S03315,17,86,100,86,10.0,1
S03316,17,95,87,84,6.8,1
S03317,16,83,66,78,5.2,1
S03318,19,97,79,97,9.3,1
S03319,20,42,68,64,0.7,1
S03320,18,70,100,90,7.4,1
S03321,16,81,100,100,8.9,1
S03322,19,55,47,43,1.1,1
S03323,18,96,78,70,4.8,1
S03324,17,57,80,78,2.4,1
S03325,17,88,63,78,5.9,1
S03326,18,76,95,88,6.7,1
S03327,16,74,61,69,3.4,1
S03328,17,74,73,93,4.9,1
S03329,20,70,72,83,3.2,1
S03330,21,75,85,76,4.0,1
S03331,22,60,83,85,2.0,1
S03332,18,95,87,92,8.9,1
S03333,18,72,54,63,0.6,1
S03334,17,82,84,100,8.9,1
S03335,16,93,89,63,5.9,1
S03336,20,67,83,74,3.7,1
S03337,16,80,96,88,7.4,1
S03338,19,85,80,75,5.3,1
S03339,19,72,81,68,5.2,1
S03340,21,65,60,64,1.5,1
S03341,17,75,71,57,4.2,1
S03342,17,41,78,86,2.8,1
S03343,17,62,62,80,0.6,1
S03344,21,53,66,73,3.9,1
S03345,19,44,76,61,1.4,1
S03346,16,71,61,53,2.9,1
S03347,21,67,64,57,1.4,1
S03348,21,75,48,81,1.5,1
S03349,16,52,55,68,2.4,1
S03350,17,86,95,86,10.0,1
S03351,20,63,51,62,0.5,1
S03352,16,96,79,75,6.6,1
S03353,19,65,78,48,1.8,1
S03354,18,81,90,86,9.2,1
S03355,18,79,73,53,1.4,1
S03356,22,90,84,95,9.6,1
S03357,22,77,88,90,6.3,1
S03358,21,40,47,54,0.5,1
S03359,18,100,88,91,9.0,1
S03360,20,87,85,77,5.5,1
S03361,17,59,69,61,3.0,1
S03362,19,100,98,60,7.8,1
S03363,22,85,100,78,9.3,1
S03364,20,83,73,68,5.1,1
S03365,19,72,86,73,3.5,1
S03366,19,63,93,88,8.0,1
S03367,17,90,81,96,7.0,1
S03368,21,96,93,77,8.9,1
S03369,18,62,85,74,7.1,1
S03370,17,85,70,62,2.8,1
S03371,20,98,91,88,9.4,1
S03372,21,76,67,67,1.5,1
S03373,20,46,78,74,3.0,1
S03374,21,72,83,57,5.4,1
S03375,22,93,84,92,5.9,1
S03376,20,39,58,67,0.6,1
S03377,17,82,76,95,7.9,1
S03378,21,75,58,46,3.9,1
S03379,21,50,65,83,4.4,1
S03380,19,72,83,75,8.2,1
S03381,19,88,93,68,4.1,1
S03382,16,59,75,79,0.9,1
S03383,20,78,58,74,2.2,1
S03384,19,96,99,83,9.6,1
S03385,16,89,61,73,1.2,1
S03386,22,76,75,76,3.9,1
S03387,22,91,71,72,5.3,1
S03388,19,73,100,82,5.2,1
S03389,20,60,81,57,0.5,1
S03390,21,84,74,81,5.3,1
S03391,18,81,65,77,4.1,1
S03392,20,93,100,97,9.7,1
S03393,17,63,50,88,2.0,1
S03394,22,77,82,83,3.9,1
S03395,19,79,76,85,4.5,1
S03396,19,59,56,68,4.2,1
S03397,21,85,81,65,6.8,1
S03398,17,69,59,66,2.5,1
S03399,21,54,69,63,2.6,1
S03400,17,95,86,90,7.4,1
S03401,18,81,61,75,5.3,1
S03402,22,100,70,89,4.4,1
S03403,19,63,72,48,2.1,1
S03404,19,78,75,64,2.3,1
S03405,18,64,55,66,0.6,1
S03406,16,84,68,54,1.4,1
S03407,22,67,82,89,5.8,1
S03408,21,85,91,98,9.0,1
S03409,18,57,75,65,3.2,1
S03410,21,68,60,100,3.6,1
S03411,20,48,63,53,1.6,1
S03412,19,53,54,59,4.2,1
S03413,21,33,60,58,0.9,1
S03414,17,65,100,92,9.2,1
S03415,21,90,79,64,6.9,1
S03416,20,89,100,98,9.9,1
S03417,22,76,87,100,8.9,1
S03418,19,67,63,61,5.0,1
S03419,18,70,86,79,5.4,1
S03420,20,53,71,78,2.3,1
S03421,19,94,100,84,4.9,1
S03422,21,100,80,100,9.1,1
S03423,22,78,65,58,1.0,1
S03424,16,92,95,100,8.7,1
S03425,22,73,84,71,3.7,1
S03426,16,83,98,83,9.0,1
S03427,17,82,89,100,9.4,1
S03428,22,83,70,78,6.9,1
S03429,19,90,87,94,6.8,1
S03430,16,89,80,70,4.8,1
S03431,18,82,96,73,8.4,1
S03432,19,78,90,77,9.6,1
S03433,18,95,90,93,7.9,1
S03434,22,59,63,69,6.4,1
S03435,18,80,69,78,6.3,1
S03436,16,90,100,80,8.6,1
S03437,19,73,80,68,5.6,1
S03438,21,69,93,78,8.1,1
S03439,20,72,70,79,5.3,1
S03440,16,79,52,31,1.1,1
S03441,16,79,67,82,4.1,1
S03442,21,88,78,61,4.7,1
S03443,19,48,72,53,1.8,1
S03444,19,64,60,49,1.5,1
S03445,22,78,58,81,5.6,1
S03446,18,61,67,80,1.3,1
S03447,22,75,73,69,3.4,1
S03448,21,87,92,89,7.6,1
S03449,22,80,100,97,9.7,1
S03450,21,92,94,92,7.3,1
S03451,19,100,100,81,9.9,1
S03452,18,99,84,100,7.1,1
S03453,22,85,64,67,3.3,1
S03454,16,88,96,85,6.9,1
S03455,17,70,95,81,7.2,1
S03456,20,53,69,68,4.0,1
S03457,16,55,73,73,0.7,1
S03458,19,95,85,90,7.2,1
S03459,20,68,75,38,0.7,1
S03460,17,84,100,85,6.5,1
S03461,17,63,97,90,2.1,1
S03462,18,100,80,81,5.9,1
S03463,20,83,94,71,5.3,1
S03464,18,56,70,58,0.6,1
S03465,16,63,83,66,3.9,1
S03466,21,68,86,67,6.2,1
S03467,21,76,100,85,8.6,1
S03468,21,78,74,86,8.9,1
S03469,20,79,76,83,5.1,1
S03470,21,84,77,78,7.4,1
S03471,16,65,61,93,3.5,1
S03472,18,79,54,62,3.8,1
S03473,20,86,59,69,2.3,1
S03474,18,68,77,70,5.8,1
S03475,20,61,73,65,3.5,1
S03476,18,34,62,61,1.3,1
S03477,17,83,96,85,7.0,1
S03478,18,82,74,92,7.2,1
S03479,21,81,48,67,3.9,1
S03480,17,59,68,47,1.2,1
S03481,18,66,74,89,4.5,1
S03482,20,76,74,64,4.7,1
S03483,20,89,75,79,6.9,1
S03484,20,50,81,72,3.5,1
S03485,19,95,79,81,7.0,1
S03486,16,100,80,73,8.8,1
S03487,20,73,88,78,2.8,1
S03488,17,83,100,60,9.8,1
S03489,20,68,72,84,4.2,1
S03490,19,81,39,82,3.0,1
S03491,21,61,71,84,4.5,1
S03492,17,68,62,61,1.4,1
S03493,19,61,81,67,1.7,1
S03494,21,75,53,67,4.4,1
S03495,22,76,100,85,7.7,1
S03496,22,95,97,96,9.1,1
S03497,17,85,68,70,6.8,1
S03498,18,43,74,63,1.5,1
S03499,16,83,80,77,6.9,1
S03500,16,88,62,94,6.5,1
S03501,19,83,83,76,8.2,1
S03502,21,59,92,93,8.3,1
S03503,16,88,91,87,8.7,1
S03504,21,90,81,73,4.4,1
S03505,21,79,97,90,7.1,1
S03506,19,84,55,65,3.0,1
S03507,19,85,95,93,10.0,1
S03508,19,50,58,79,2.2,1
S03509,16,57,44,53,0.6,1
S03510,22,53,64,69,1.9,1
S03511,19,91,92,95,7.9,1
S03512,16,69,81,80,4.7,1
S03513,19,92,70,89,4.8,1
S03514,20,88,81,89,9.6,1
S03515,21,93,84,97,9.2,1
S03516,19,76,48,83,3.5,1
S03517,17,76,52,49,2.5,1
S03518,21,100,76,83,8.6,1
S03519,21,89,100,93,9.1,1
S03520,19,73,88,88,5.6,1
S03521,22,58,100,83,6.5,1
S03522,18,91,71,85,2.9,1
S03523,22,92,82,80,8.1,1
S03524,19,90,82,67,6.5,1
S03525,21,83,75,86,5.3,1
S03526,17,60,54,62,1.1,1
S03527,21,96,96,80,9.2,1
S03528,22,73,83,99,6.3,1
S03529,17,61,65,76,2.3,1
S03530,16,69,77,87,6.3,1
S03531,20,100,91,100,6.9,1
S03532,21,84,71,73,5.5,1
S03533,19,100,80,99,7.3,1
S03534,16,100,86,84,6.0,1
S03535,20,76,100,84,9.5,1
S03536,19,71,72,63,1.0,1
S03537,18,45,60,67,1.5,1
S03538,19,66,50,79,2.1,1
S03539,17,87,81,68,7.1,1
S03540,17,66,83,62,6.6,1
S03541,18,82,78,80,9.0,1
S03542,16,89,82,83,7.5,1
S03543,20,78,92,85,5.3,1
S03544,19,82,96,87,9.9,1
S03545,17,59,62,74,3.0,1
S03546,16,71,89,100,8.4,1
S03547,18,59,75,56,4.6,1
S03548,22,77,78,80,6.7,1
S03549,21,96,94,100,7.4,1
S03550,22,94,60,73,6.5,1
S03551,22,84,70,57,1.8,1
S03552,17,79,68,81,4.7,1
S03553,18,80,92,73,5.8,1
S03554,19,95,74,99,8.6,1
S03555,22,80,86,100,4.7,1
S03556,22,72,82,90,9.2,1
S03557,20,96,79,100,4.7,1
S03558,17,55,73,73,5.7,1
S03559,17,100,100,84,8.1,1
S03560,19,80,78,69,6.0,1
S03561,21,80,85,86,9.6,1
S03562,16,89,100,79,6.8,1
S03563,20,76,75,82,5.5,1
S03564,17,50,66,49,0.7,1
S03565,20,56,85,68,4.4,1
S03566,17,51,59,65,3.3,1
S03567,20,78,91,94,7.6,1
S03568,18,60,73,69,2.5,1
S03569,22,50,48,69,2.4,1
S03570,17,65,70,68,2.3,1
S03571,20,49,59,46,1.7,1
S03572,16,73,90,89,3.5,1
S03573,18,100,100,78,8.9,1
S03574,18,90,92,95,7.9,1
S03575,16,84,61,82,7.5,1
S03576,20,81,93,79,8.1,1
S03577,19,85,60,81,3.1,1
S03578,16,88,100,75,8.9,1
S03579,20,92,62,54,1.8,1
S03580,16,56,65,74,3.7,1
S03581,16,83,75,82,6.1,1
S03582,17,78,58,74,1.5,1
S03583,20,76,69,92,7.4,1
S03584,19,69,58,73,4.2,1
S03585,22,95,83,87,8.0,1
S03586,17,80,95,75,5.2,1
S03587,16,71,74,83,2.2,1
S03588,22,99,95,73,7.5,1
S03589,21,62,82,70,2.9,1
S03590,22,93,80,85,5.2,1
S03591,16,39,56,76,1.2,1
S03592,16,94,76,73,6.4,1
S03593,20,96,73,71,6.8,1
S03594,20,62,82,59,4.1,1
S03595,17,76,82,87,9.6,1
S03596,19,87,100,91,8.8,1
S03597,17,89,74,78,7.2,1
S03598,18,80,99,91,7.3,1
S03599,16,73,83,69,2.9,1
S03600,22,100,90,88,6.7,1
S03601,21,48,86,69,2.4,1
S03602,16,39,62,48,1.9,1
S03603,16,94,97,79,10.0,1
S03604,17,72,84,93,6.4,1
S03605,21,68,82,64,4.6,1
S03606,21,83,47,80,3.2,1
S03607,21,78,79,81,6.2,1
S03608,17,59,71,52,1.0,1
S03609,16,55,58,73,1.4,1
S03610,17,58,84,57,0.8,1
S03611,20,79,78,78,5.2,1
S03612,20,100,87,78,6.2,1
S03613,17,63,80,34,1.1,1
S03614,21,99,87,91,7.4,1
S03615,16,68,86,77,2.7,1
S03616,17,59,91,77,7.0,1
S03617,17,87,100,98,9.8,1
S03618,17,87,73,73,7.1,1
S03619,18,99,100,79,8.9,1
S03620,20,96,86,93,9.5,1
S03621,22,86,74,69,5.1,1
S03622,21,66,99,82,7.2,1
S03623,19,90,85,77,8.6,1
S03624,22,87,76,58,3.9,1
S03625,21,55,68,72,3.0,1
S03626,19,100,93,93,9.5,1
S03627,18,97,83,84,7.4,1
S03628,17,51,54,65,2.6,1
S03629,18,78,82,68,4.8,1
S03630,18,89,95,74,8.1,1
S03631,22,76,72,66,5.7,1
S03632,16,63,77,75,6.7,1
S03633,22,83,97,96,7.7,1
S03634,20,79,78,83,6.4,1
S03635,19,57,79,82,5.6,1
S03636,17,70,75,71,7.6,1
S03637,22,73,84,86,7.4,1
S03638,19,68,71,85,6.5,1
S03639,21,75,65,90,3.9,1
S03640,19,84,65,74,4.4,1
S03641,21,90,100,87,9.7,1
S03642,22,71,47,57,1.6,1
S03643,20,79,72,71,3.1,1
S03644,22,75,74,74,5.2,1
S03645,21,93,100,99,8.4,1
S03646,19,61,74,77,2.1,1
S03647,19,54,54,59,3.1,1
S03648,21,50,54,63,1.1,1
S03649,18,88,84,100,7.2,1
S03650,20,65,61,53,2.8,1
S03651,16,81,84,71,4.2,1
S03652,17,51,77,83,4.7,1
S03653,19,71,89,86,9.0,1
S03654,17,54,85,71,4.4,1
S03655,16,65,50,61,1.9,1
S03656,22,60,75,66,5.5,1
S03657,17,97,96,89,9.6,1
S03658,16,89,79,91,6.3,1
S03659,21,100,57,77,9.8,1
S03660,18,100,93,90,8.5,1
S03661,19,50,66,74,0.8,1
S03662,16,62,71,82,6.8,1
S03663,17,60,43,66,3.2,1
S03664,19,90,71,86,5.8,1
S03665,18,63,67,60,3.2,1
S03666,21,70,70,77,3.8,1
S03667,22,86,69,88,9.3,1
S03668,19,84,69,69,2.5,1
S03669,22,78,100,100,8.8,1
S03670,16,59,72,75,0.8,1
S03671,18,74,77,81,1.4,1
S03672,17,100,75,79,8.6,1
S03673,18,73,92,70,6.5,1
S03674,18,97,75,89,7.6,1
S03675,20,57,76,72,2.5,1
S03676,18,94,69,56,5.6,1
S03677,18,100,90,88,7.5,1
S03678,19,70,100,100,6.5,1
S03679,17,83,87,97,5.0,1
S03680,19,100,82,83,9.6,1
S03681,19,79,70,90,6.9,1
S03682,16,98,100,79,9.1,1
S03683,19,92,100,83,7.4,1
S03684,20,100,91,75,7.5,1
S03685,20,37,56,51,1.3,1
S03686,22,70,72,82,3.9,1
S03687,16,75,95,91,8.7,1
S03688,22,66,66,74,2.7,1
S03689,22,52,52,72,1.6,1
S03690,21,66,83,74,3.6,1
S03691,17,55,89,57,2.6,1
S03692,17,94,100,92,9.3,1
S03693,19,100,64,85,8.7,1
S03694,19,71,91,75,5.2,1
S03695,21,77,68,53,1.1,1
S03696,19,97,77,67,7.3,1
S03697,17,100,58,74,6.4,1
S03698,22,99,92,97,9.7,1
S03699,18,77,83,78,5.8,1
S03700,20,51,58,91,3.7,1
S03701,18,67,92,77,5.4,1
S03702,18,92,100,94,9.8,1
S03703,17,82,90,83,7.1,1
S03704,18,100,67,70,6.9,1
S03705,21,64,64,69,2.8,1
S03706,16,64,95,73,7.6,1
S03707,19,93,94,84,7.6,1
S03708,16,76,62,52,3.5,1
S03709,22,70,70,76,5.1,1
S03710,20,94,61,72,3.3,1
S03711,19,44,65,72,3.0,1
S03712,18,73,54,46,0.7,1
S03713,20,64,61,76,3.2,1
S03714,19,67,77,86,5.8,1
S03715,21,86,59,51,0.5,1
S03716,21,77,82,81,3.2,1
S03717,21,87,69,91,8.9,1
S03718,21,76,95,79,6.1,1
S03719,18,84,72,86,6.3,1
S03720,16,67,96,92,4.3,1
S03721,19,98,91,81,6.9,1
S03722,18,65,72,62,2.3,1
S03723,21,100,87,100,8.3,1
S03724,22,64,88,63,1.6,1
S03725,16,92,82,85,6.7,1
S03726,22,86,89,70,3.7,1
S03727,20,100,79,67,7.6,1
S03728,22,84,87,75,5.7,1
S03729,20,64,98,88,4.8,1
S03730,20,61,55,58,2.1,1
S03731,21,81,88,95,6.5,1
S03732,20,87,86,100,9.8,1
S03733,17,79,94,76,8.3,1
S03734,19,61,84,50,1.1,1
S03735,19,60,61,60,4.1,1
S03736,21,78,94,85,9.3,1
S03737,17,56,67,65,5.3,1
S03738,22,88,81,95,6.8,1
S03739,18,96,99,76,9.2,1
S03740,22,86,87,78,8.8,1
S03741,18,88,96,94,5.3,1
S03742,20,62,81,72,4.7,1
S03743,16,74,55,76,3.7,1
S03744,18,85,89,88,7.3,1
S03745,16,59,87,54,3.2,1
S03746,19,61,75,78,2.9,1
S03747,16,64,75,79,3.9,1
S03748,19,67,62,74,2.2,1
S03749,17,91,83,75,7.1,1
S03750,17,75,81,84,6.4,1
S03751,21,67,47,74,5.1,1
S03752,21,73,79,74,4.2,1
S03753,20,72,100,81,9.1,1
S03754,18,59,51,60,0.8,1
S03755,20,100,89,96,7.8,1
S03756,19,83,96,68,9.1,1
S03757,20,72,85,71,4.7,1
S03758,16,90,79,85,5.7,1
S03759,19,100,100,78,9.5,1
S03760,21,66,53,72,2.5,1
S03761,17,76,65,82,5.4,1
S03762,21,60,81,74,5.0,1
S03763,18,73,66,73,3.0,1
S03764,19,72,70,100,8.3,1
S03765,19,66,95,81,9.0,1
S03766,16,99,72,70,7.9,1
S03767,18,69,99,63,2.4,1
S03768,17,71,36,53,1.3,1
S03769,22,71,82,84,6.3,1
S03770,19,65,47,58,1.0,1
S03771,19,77,94,89,6.9,1
S03772,16,73,73,81,5.5,1
S03773,20,94,95,74,6.8,1
S03774,17,78,89,69,6.1,1
S03775,21,65,61,59,4.5,1
S03776,18,48,57,79,2.4,1
S03777,19,73,66,77,3.4,1
S03778,19,90,77,73,5.5,1
S03779,21,72,80,88,6.7,1
S03780,17,95,96,73,7.9,1
S03781,20,75,89,75,7.8,1
S03782,19,100,87,80,9.7,1
S03783,17,68,58,73,3.2,1
S03784,21,63,52,57,1.2,1
S03785,16,62,75,56,3.8,1
S03786,20,90,84,85,7.6,1
S03787,18,67,100,81,4.7,1
S03788,19,83,89,85,8.3,1
S03789,17,60,81,91,5.7,1
S03790,16,83,71,99,9.3,1
S03791,18,87,77,100,9.5,1
S03792,22,64,48,72,1.2,1
S03793,17,81,69,78,4.8,1
S03794,17,73,63,66,6.3,1
S03795,18,65,54,65,2.9,1
S03796,16,93,82,68,4.4,1
S03797,22,84,73,72,6.9,1
S03798,21,59,67,62,2.7,1
S03799,16,60,88,64,6.2,1
S03800,20,73,95,92,7.1,1
S03801,19,50,66,53,1.4,1
S03802,18,100,81,86,5.2,1
S03803,21,57,80,84,3.0,1
S03804,22,85,90,75,7.4,1
S03805,18,69,78,61,2.3,1
S03806,18,100,65,94,9.0,1
S03807,16,73,73,70,4.6,1
S03808,19,58,67,59,2.4,1
S03809,20,67,73,80,4.7,1
S03810,17,77,75,66,4.4,1
S03811,17,65,70,98,4.6,1
S03812,18,66,90,86,6.1,1
S03813,19,71,71,85,5.5,1
S03814,22,47,62,65,1.9,1
S03815,22,82,79,84,1.1,1
S03816,21,92,100,76,7.4,1
S03817,16,98,81,87,5.8,1
S03818,19,76,64,58,3.9,1
S03819,19,100,69,100,8.2,1
S03820,16,76,71,82,4.2,1
S03821,22,96,94,76,8.1,1
S03822,22,43,61,77,3.4,1
S03823,22,49,62,76,1.2,1
S03824,18,93,89,80,9.4,1
S03825,19,73,52,68,4.2,1
S03826,17,86,89,75,8.0,1
S03827,16,73,74,76,3.2,1
S03828,22,87,84,83,6.6,1
S03829,21,100,100,89,8.8,1
S03830,22,67,57,54,0.9,1
S03831,22,100,84,85,8.4,1
S03832,20,93,100,71,5.9,1
S03833,18,82,66,85,6.3,1
S03834,16,100,70,66,5.5,1
S03835,20,100,95,79,8.8,1
S03836,20,49,74,72,0.9,1
S03837,21,72,80,65,3.0,1
S03838,19,68,78,100,8.8,1
S03839,21,65,100,86,7.6,1
S03840,19,52,65,42,0.7,1
S03841,19,66,68,63,5.4,1
S03842,16,71,69,71,5.5,1
S03843,22,76,74,82,4.3,1
S03844,16,83,95,78,3.3,1
S03845,18,97,86,77,7.0,1
S03846,19,70,92,82,2.5,1
S03847,20,74,98,90,8.1,1
S03848,22,81,73,82,8.1,1
S03849,17,80,91,87,4.4,1
S03850,18,58,58,61,3.2,1
S03851,16,53,62,76,3.2,1
S03852,21,81,80,84,5.1,1
S03853,18,84,84,90,7.3,1
S03854,18,68,83,71,3.9,1
S03855,22,94,87,90,6.3,1
S03856,18,84,71,93,4.1,1
S03857,18,90,90,69,3.4,1
S03858,17,50,54,63,0.7,1
S03859,21,62,47,72,0.5,1
S03860,21,66,73,66,2.7,1
S03861,21,77,74,71,4.4,1
S03862,19,76,93,75,8.6,1
S03863,20,71,97,67,8.1,1
S03864,21,67,66,57,3.0,1
S03865,18,56,90,78,2.8,1
S03866,18,77,70,57,2.7,1
S03867,21,52,66,77,3.7,1
S03868,22,59,84,93,5.2,1
S03869,21,69,74,77,4.7,1
S03870,18,47,68,59,2.6,1
S03871,19,82,50,64,1.7,1
S03872,16,55,47,66,0.6,1
S03873,16,56,77,71,2.0,1
S03874,21,89,70,84,7.2,1
S03875,17,77,66,76,2.8,1
S03876,21,77,80,87,5.0,1
S03877,22,79,97,74,6.1,1
S03878,21,79,85,100,8.9,1
S03879,16,98,100,92,8.9,1
S03880,18,100,84,60,7.6,1
S03881,21,56,34,60,0.8,1
S03882,18,69,80,77,6.0,1
S03883,18,89,87,97,8.0,1
S03884,17,58,65,56,0.7,1
S03885,18,63,71,80,5.7,1
S03886,16,83,83,72,8.6,1
S03887,19,96,90,67,5.0,1
S03888,19,41,55,70,0.5,1
S03889,20,49,36,48,0.6,1
S03890,22,62,80,85,4.5,1
S03891,21,53,75,79,2.0,1
S03892,22,77,93,95,6.8,1
S03893,16,89,77,100,7.2,1
S03894,18,80,65,76,2.2,1
S03895,19,93,97,93,8.9,1
S03896,22,66,86,82,4.7,1
S03897,16,81,70,67,1.9,1
S03898,19,61,96,81,7.8,1
S03899,18,95,79,94,8.0,1
S03900,22,69,55,86,6.6,1
S03901,19,89,100,97,8.6,1
S03902,21,92,74,82,7.5,1
S03903,21,71,89,87,8.9,1
S03904,20,75,84,77,4.6,1
S03905,20,88,86,83,7.6,1
S03906,19,100,100,100,10.0,1
S03907,16,100,100,100,7.4,1
S03908,21,43,70,65,1.6,1
S03909,16,94,69,76,5.4,1
S03910,16,79,63,84,6.1,1
S03911,19,54,73,62,2.2,1
S03912,16,98,94,86,9.6,1
S03913,21,48,49,68,2.2,1
S03914,18,49,80,63,2.2,1
S03915,20,71,100,91,9.2,1
S03916,18,81,75,80,4.9,1
S03917,16,63,87,29,1.1,1
S03918,18,70,93,59,6.2,1
S03919,21,98,69,71,6.2,1
S03920,21,51,75,67,1.1,1
S03921,16,100,97,83,9.7,1
S03922,19,79,100,100,5.7,1
S03923,18,70,90,88,5.8,1
S03924,19,75,83,99,5.4,1
S03925,19,65,86,90,6.3,1
S03926,17,70,54,52,3.0,1
S03927,16,68,63,57,3.2,1
S03928,20,83,80,72,5.4,1
S03929,21,98,72,73,8.2,1
S03930,21,60,66,75,1.0,1
S03931,16,62,72,78,6.2,1
S03932,22,99,83,88,8.2,1
S03933,22,63,73,82,2.0,1
S03934,22,35,53,83,0.6,1
S03935,20,73,76,68,3.5,1
S03936,21,84,82,65,6.1,1
S03937,16,58,51,53,1.8,1
S03938,21,71,85,87,4.5,1
S03939,19,71,90,81,5.7,1
S03940,18,85,92,70,6.2,1
S03941,18,69,92,78,3.1,1
S03942,21,61,68,62,4.3,1
S03943,17,100,64,66,7.9,1
S03944,20,85,85,68,9.4,1
S03945,22,57,100,72,8.7,1
S03946,20,73,78,92,5.9,1
S03947,20,85,57,72,4.4,1
S03948,19,67,51,71,3.7,1
S03949,20,42,81,67,1.7,1
S03950,18,49,70,54,1.5,1
S03951,19,70,78,77,7.0,1
S03952,16,60,91,65,3.0,1
S03953,20,63,100,59,2.9,1
S03954,20,100,100,87,10.0,1
S03955,16,66,75,66,2.3,1
S03956,20,65,71,63,1.9,1
S03957,16,82,73,69,1.4,1
S03958,19,89,100,74,6.0,1
S03959,18,90,70,98,6.5,1
S03960,16,49,68,61,4.0,1
S03961,17,68,78,72,5.6,1
S03962,16,68,94,90,8.0,1
S03963,20,79,100,93,8.3,1
S03964,22,100,98,77,9.6,1
S03965,22,83,96,85,8.3,1
S03966,19,91,88,88,5.9,1
S03967,21,72,66,49,2.2,1
S03968,19,61,57,64,1.4,1
S03969,21,72,62,47,1.0,1
S03970,22,99,75,73,6.8,1
S03971,22,93,81,87,8.2,1
S03972,16,79,82,75,5.3,1
S03973,18,67,55,51,1.0,1
S03974,17,61,100,91,5.6,1
S03975,19,91,94,86,9.4,1
S03976,20,80,97,86,6.2,1
S03977,21,83,73,100,8.2,1
S03978,20,78,73,78,8.1,1
S03979,18,100,91,97,9.4,1
S03980,21,88,98,90,7.8,1
S03981,19,89,80,69,7.6,1
S03982,16,83,66,82,2.7,1
S03983,20,57,73,65,1.1,1
S03984,18,72,73,71,5.4,1
S03985,19,78,54,48,1.7,1
S03986,22,76,100,77,9.6,1
S03987,22,69,54,69,3.3,1
S03988,19,81,85,73,8.6,1
S03989,19,75,74,80,4.2,1
S03990,19,76,77,67,3.6,1
S03991,21,100,100,73,9.4,1
S03992,19,83,84,66,4.0,1
S03993,20,69,69,62,4.2,1
S03994,18,59,74,51,1.5,1
S03995,21,89,89,58,6.9,1
S03996,19,78,78,71,3.2,1
S03997,17,64,73,69,6.1,1
S03998,17,83,88,100,6.1,1
S03999,18,79,83,94,7.3,1
S04000,22,86,86,100,7.6,1
S04001,16,72,80,85,5.4,1
S04002,16,61,96,65,3.6,1
S04003,22,77,78,91,8.5,1
S04004,21,67,84,68,3.4,1
S04005,21,81,94,81,5.3,1
S04006,21,65,83,84,4.3,1
S04007,16,100,83,94,8.6,1
S04008,17,100,95,75,4.6,1
S04009,16,77,69,74,4.2,1
S04010,20,83,92,85,7.1,1
S04011,19,69,82,92,6.2,1
S04012,21,65,58,59,1.5,1
S04013,17,94,84,74,5.3,1
S04014,18,100,100,78,7.5,1
S04015,18,100,98,93,9.9,1
S04016,19,91,100,88,6.5,1
S04017,17,76,70,76,4.0,1
S04018,16,53,68,68,2.6,1
S04019,16,89,76,100,8.8,1
S04020,20,85,81,78,8.2,1
S04021,20,65,65,52,2.7,1
S04022,16,56,62,71,2.4,1
S04023,18,93,73,83,7.3,1
S04024,21,66,61,69,3.5,1
S04025,18,64,66,56,3.4,1
S04026,20,54,78,68,1.9,1
S04027,19,70,50,89,3.0,1
S04028,16,91,49,60,4.6,1
S04029,20,85,64,82,7.5,1
S04030,20,73,61,73,3.7,1
S04031,21,93,78,67,3.6,1
S04032,16,82,65,72,3.2,1
S04033,21,82,72,71,5.0,1
S04034,16,70,61,69,2.2,1
S04035,21,68,54,74,5.1,1
S04036,18,75,95,77,7.2,1
S04037,19,60,76,62,0.8,1
S04038,19,59,55,67,0.6,1
S04039,16,50,63,47,1.2,1
S04040,17,86,80,86,5.6,1
S04041,22,86,77,80,8.6,1
S04042,20,71,54,68,0.5,1
S04043,20,92,100,83,9.4,1
S04044,16,59,63,73,1.5,1
S04045,21,78,92,87,8.5,1
S04046,17,65,68,66,5.1,1
S04047,18,98,78,77,6.8,1
S04048,21,80,85,90,5.4,1
S04049,21,80,66,77,5.0,1
S04050,16,100,100,82,8.4,1
S04051,16,70,67,97,7.7,1
S04052,20,83,69,86,5.1,1
S04053,16,42,45,56,1.6,1
S04054,16,56,79,63,1.6,1
S04055,16,74,87,67,8.1,1
S04056,20,87,74,87,5.5,1
S04057,18,53,81,76,5.1,1
S04058,18,80,100,90,7.0,1
S04059,22,76,93,67,8.7,1
S04060,22,71,95,78,6.5,1
S04061,16,77,83,86,7.7,1
S04062,22,100,75,62,7.8,1
S04063,20,67,75,80,3.9,1
S04064,18,88,60,66,3.1,1
S04065,21,100,96,67,8.1,1
S04066,18,97,68,67,4.1,1
S04067,18,91,91,94,9.1,1
S04068,20,62,35,54,1.2,1
S04069,22,64,60,63,1.1,1
S04070,21,88,89,85,9.3,1
S04071,20,87,96,60,6.7,1
S04072,16,60,83,80,4.1,1
S04073,19,63,87,94,7.7,1
S04074,18,91,64,95,6.9,1
S04075,19,73,73,78,5.5,1
S04076,20,49,76,70,1.4,1
S04077,20,78,86,68,8.2,1
S04078,20,100,77,90,8.7,1
S04079,19,69,79,63,2.1,1
S04080,20,71,70,87,8.6,1
S04081,16,76,89,76,8.8,1
S04082,20,74,85,91,5.7,1
S04083,17,88,84,63,6.7,1
S04084,22,62,58,76,4.1,1
S04085,19,66,58,60,3.2,1
S04086,17,86,77,100,7.4,1
S04087,20,91,99,95,8.7,1
S04088,16,53,85,81,6.7,1
S04089,18,79,73,66,5.4,1
S04090,21,42,70,76,2.0,1
S04091,22,56,52,27,1.0,1
S04092,21,68,84,79,4.7,1
S04093,20,46,66,69,1.0,1
S04094,22,89,77,84,5.9,1
S04095,22,58,71,82,4.1,1
S04096,16,80,82,78,7.7,1
S04097,22,79,82,77,3.4,1
S04098,19,73,83,72,6.1,1
S04099,17,68,76,69,5.6,1
S04100,17,54,47,50,0.5,1
S04101,17,66,69,61,1.2,1
S04102,19,86,76,83,3.3,1
S04103,21,79,85,100,8.9,1
S04104,16,52,59,63,1.9,1
S04105,22,81,83,76,7.3,1
S04106,19,97,80,100,9.7,1
S04107,17,78,88,90,8.0,1
S04108,20,74,48,69,2.8,1
S04109,18,80,76,77,9.1,1
S04110,22,38,56,80,1.4,1
S04111,19,81,68,77,4.9,1
S04112,19,98,96,88,8.9,1
S04113,16,94,85,87,6.6,1
S04114,16,49,90,74,4.4,1
S04115,19,60,71,87,3.3,1
S04116,17,68,75,84,4.1,1
S04117,18,97,63,71,5.3,1
S04118,22,67,56,72,3.5,1
S04119,16,78,95,85,9.7,1
S04120,22,96,94,100,9.4,1
S04121,17,100,94,80,8.8,1
S04122,22,86,89,73,4.5,1
S04123,20,90,71,87,7.1,1
S04124,16,95,100,95,9.1,1
S04125,17,62,72,95,8.6,1
S04126,17,73,78,83,4.4,1
S04127,18,64,48,73,1.6,1
S04128,18,58,70,59,1.2,1
S04129,20,87,62,73,6.0,1
S04130,17,79,49,82,6.6,1
S04131,21,85,91,81,8.6,1
S04132,17,81,68,63,3.3,1
S04133,18,58,78,62,2.1,1
S04134,21,72,74,96,4.1,1
S04135,16,81,63,89,3.9,1
S04136,16,50,57,63,1.8,1
S04137,22,69,100,59,6.9,1
S04138,19,92,67,70,5.3,1
S04139,18,77,91,93,7.4,1
S04140,19,79,77,55,3.9,1
S04141,21,48,77,78,3.6,1
S04142,18,45,82,82,5.0,1
S04143,20,95,87,88,8.8,1
S04144,17,57,39,62,0.9,1
S04145,20,92,90,76,8.1,1
S04146,21,93,72,80,4.0,1
S04147,18,75,91,91,8.6,1
S04148,21,88,95,81,8.1,1
S04149,17,88,66,64,3.8,1
S04150,16,70,77,70,7.1,1
S04151,16,56,75,70,2.0,1
S04152,21,70,87,87,9.0,1
S04153,19,99,67,72,4.3,1
S04154,18,48,68,58,4.8,1
S04155,18,93,91,71,7.2,1
S04156,16,72,86,73,8.3,1
S04157,22,53,94,77,2.7,1
S04158,20,95,84,84,6.8,1
S04159,22,63,58,70,4.2,1
S04160,17,79,67,85,4.0,1
S04161,20,100,92,93,7.1,1
S04162,20,74,66,86,4.2,1
S04163,21,81,71,69,3.8,1
S04164,16,90,100,71,8.4,1
S04165,22,63,76,84,1.5,1
S04166,22,75,77,88,6.9,1
S04167,16,90,65,75,2.9,1
S04168,22,66,60,69,0.6,1
S04169,16,70,81,97,2.1,1
S04170,21,89,68,79,6.3,1
S04171,19,76,89,99,7.2,1
S04172,20,69,60,53,0.7,1
S04173,21,77,49,72,0.8,1
S04174,18,75,100,100,9.1,1
S04175,17,66,73,63,1.2,1
S04176,19,92,100,68,9.0,1
S04177,18,60,81,75,2.7,1
S04178,20,72,86,82,7.5,1
S04179,22,81,77,80,3.4,1
S04180,16,92,94,83,8.7,1
S04181,20,81,73,100,7.2,1
S04182,21,79,58,75,4.3,1
S04183,17,58,66,73,1.2,1
S04184,21,77,87,73,7.5,1
S04185,19,82,77,68,6.4,1
S04186,19,57,58,47,0.5,1
S04187,17,36,81,48,0.6,1
S04188,18,80,62,94,8.2,1
S04189,18,52,76,63,3.0,1
S04190,19,61,92,67,6.5,1
S04191,19,80,87,68,4.8,1
S04192,22,82,74,96,8.7,1
S04193,16,100,88,97,9.2,1
S04194,22,73,91,100,10.0,1
S04195,22,59,68,63,2.0,1
S04196,18,82,77,100,8.7,1
S04197,17,48,73,82,3.0,1
S04198,18,79,70,67,6.1,1
S04199,16,58,74,86,5.3,1
S04200,21,60,76,62,0.7,1
S04201,19,100,100,88,9.4,1
S04202,19,63,63,64,1.2,1
S04203,16,88,67,75,7.0,1
S04204,22,99,91,97,8.0,1
S04205,17,87,93,80,8.1,1
S04206,19,52,39,60,1.8,1
S04207,20,67,79,84,4.8,1
S04208,22,82,76,100,8.4,1
S04209,19,56,52,65,3.4,1
S04210,20,84,62,62,4.9,1
S04211,16,74,43,82,3.1,1
S04212,16,55,71,78,4.9,1
S04213,22,81,79,94,8.9,1
S04214,19,61,89,76,4.8,1
S04215,18,82,75,85,5.8,1
S04216,20,85,65,78,4.3,1
S04217,17,80,57,70,4.9,1
S04218,19,49,54,70,0.6,1
S04219,17,64,85,76,3.2,1
S04220,19,57,93,71,4.6,1
S04221,18,65,77,79,6.5,1
S04222,18,84,74,67,4.8,1
S04223,22,87,79,77,3.7,1
S04224,22,63,61,79,4.2,1
S04225,18,67,72,69,2.8,1
S04226,21,100,100,77,9.3,1
S04227,18,57,87,55,5.5,1
S04228,16,45,68,59,0.6,1
S04229,16,82,76,65,0.7,1
S04230,21,82,100,98,9.7,1
S04231,20,61,64,81,2.6,1
S04232,17,81,74,82,8.2,1
S04233,19,35,60,46,1.1,1
S04234,19,93,81,84,9.3,1
S04235,21,90,87,100,8.8,1
S04236,16,81,69,97,5.9,1
S04237,22,56,55,67,0.6,1
S04238,19,61,50,65,2.9,1
S04239,16,66,65,73,4.4,1
S04240,20,69,80,95,4.9,1
S04241,17,56,77,73,3.3,1
S04242,20,48,65,58,0.8,1
S04243,21,68,76,94,6.1,1
S04244,18,84,79,56,5.5,1
S04245,18,71,92,59,3.2,1
S04246,18,59,52,54,0.9,1
S04247,20,100,100,100,9.9,1
S04248,19,64,59,70,5.1,1
S04249,17,99,66,65,7.7,1
S04250,18,71,73,68,4.8,1
S04251,21,60,60,58,0.9,1
S04252,21,77,56,70,3.4,1
S04253,18,63,66,73,3.5,1
S04254,18,76,94,98,8.5,1
S04255,17,71,71,78,6.7,1
S04256,18,42,81,64,3.1,1
S04257,17,100,100,92,9.7,1
S04258,21,76,86,74,3.6,1
S04259,18,100,84,85,10.0,1
S04260,20,100,86,73,10.0,1
S04261,22,72,64,62,2.3,1
S04262,20,68,67,80,3.5,1
S04263,21,81,72,75,5.1,1
S04264,17,95,92,95,6.8,1
S04265,20,79,85,83,5.5,1
S04266,17,88,83,85,9.7,1
S04267,20,82,71,100,7.4,1
S04268,20,74,52,58,2.5,1
S04269,17,55,52,46,1.5,1
S04270,19,94,94,86,7.0,1
S04271,20,86,66,58,2.0,1
S04272,18,98,99,85,8.0,1
S04273,22,78,50,59,3.5,1
S04274,21,74,74,72,3.6,1
S04275,19,48,62,67,0.6,1
S04276,17,73,99,90,7.2,1
S04277,19,51,58,53,1.6,1
S04278,16,93,81,70,7.8,1
S04279,16,71,95,81,5.2,1
S04280,20,87,85,81,8.0,1
S04281,20,84,82,73,6.0,1
S04282,18,50,68,63,1.3,1
S04283,22,80,67,83,7.8,1
S04284,21,64,62,68,1.2,1
S04285,19,72,61,81,5.0,1
S04286,16,61,64,78,2.1,1
S04287,20,73,82,81,7.6,1
S04288,21,90,86,100,9.2,1
S04289,19,98,87,85,5.8,1
S04290,20,72,79,87,5.5,1
S04291,20,72,74,73,7.8,1
S04292,16,68,46,60,0.5,1
S04293,16,98,100,100,9.2,1
S04294,20,67,66,53,2.4,1
S04295,17,78,77,100,9.8,1
S04296,20,71,81,100,7.5,1
S04297,21,68,85,93,7.9,1
S04298,20,87,68,67,6.7,1
S04299,18,87,68,74,5.0,1
S04300,22,84,90,88,5.9,1
S04301,18,82,90,48,0.9,1
S04302,18,75,85,88,6.4,1
S04303,17,77,65,82,6.4,1
S04304,17,92,89,83,9.0,1
S04305,20,73,79,65,5.3,1
S04306,18,66,71,80,1.2,1
S04307,17,61,80,79,3.4,1
S04308,16,65,99,80,6.7,1
S04309,20,45,68,69,2.8,1
S04310,21,74,69,67,3.2,1
S04311,22,82,66,67,8.3,1
S04312,19,65,68,94,6.1,1
S04313,20,69,61,79,5.3,1
S04314,19,92,60,82,3.5,1
S04315,18,71,71,79,7.4,1
S04316,22,77,56,71,3.2,1
S04317,19,90,99,88,7.5,1
S04318,18,76,38,75,1.2,1
S04319,16,88,88,100,8.7,1
S04320,19,57,87,73,5.2,1
S04321,22,86,71,71,4.7,1
S04322,20,77,97,77,6.3,1
S04323,18,96,74,74,6.4,1
S04324,20,72,85,95,1.8,1
S04325,22,98,67,66,7.7,1
S04326,17,96,85,99,3.1,1
S04327,18,95,81,96,9.1,1
S04328,19,100,100,86,8.3,1
S04329,18,65,66,63,3.8,1
S04330,20,94,100,86,8.2,1
S04331,16,65,87,66,3.9,1
S04332,18,67,56,80,1.5,1
S04333,19,98,100,98,9.6,1
S04334,17,57,82,100,6.7,1
S04335,21,67,58,72,4.8,1
S04336,16,75,79,75,4.3,1
S04337,17,42,58,70,3.6,1
S04338,18,93,86,87,9.8,1
S04339,20,74,53,54,1.8,1
S04340,22,85,75,79,3.5,1
S04341,20,66,65,80,5.1,1
S04342,19,91,61,75,5.0,1
S04343,20,89,63,82,5.0,1
S04344,16,38,57,63,2.2,1
S04345,20,64,70,66,1.9,1
S04346,19,69,79,79,2.9,1
S04347,21,100,100,100,9.2,1
S04348,18,65,63,82,1.6,1
S04349,22,100,86,72,7.7,1
S04350,18,76,84,74,7.7,1
S04351,20,69,93,74,8.2,1
S04352,17,83,100,81,8.9,1
S04353,18,86,67,66,3.0,1
S04354,21,77,73,73,2.6,1
S04355,20,100,61,88,4.9,1
S04356,22,50,79,65,3.0,1
S04357,19,97,88,90,7.5,1
S04358,21,90,69,95,6.5,1
S04359,20,87,100,83,8.8,1
S04360,21,70,47,61,1.3,1
S04361,18,93,65,90,9.2,1
S04362,22,74,80,52,3.3,1
S04363,19,84,81,82,5.2,1
S04364,20,86,60,62,4.7,1
S04365,16,87,91,93,7.7,1
S04366,19,94,88,70,4.5,1
S04367,16,90,96,85,9.5,1
S04368,21,100,100,78,9.1,1
S04369,17,77,80,94,8.8,1
S04370,19,48,35,70,1.2,1
S04371,21,78,73,83,8.6,1
S04372,16,98,59,100,7.9,1
S04373,18,51,88,65,1.5,1
S04374,18,79,63,65,1.5,1
S04375,17,55,86,65,1.5,1
S04376,19,62,55,54,0.6,1
S04377,19,85,68,67,5.7,1
S04378,19,82,73,87,9.7,1
S04379,21,57,70,82,4.7,1
S04380,22,81,88,58,5.6,1
S04381,22,90,91,75,9.7,1
S04382,17,73,49,63,2.9,1
S04383,19,74,98,68,8.7,1
S04384,21,74,89,63,5.7,1
S04385,18,76,73,88,5.9,1
S04386,16,41,64,67,3.8,1
S04387,21,90,59,69,5.8,1
S04388,22,51,69,65,1.2,1
S04389,22,100,81,86,7.8,1
S04390,18,59,37,83,3.2,1
S04391,18,84,73,69,8.9,1
S04392,16,56,79,63,4.0,1
S04393,18,76,60,60,1.9,1
S04394,17,89,70,87,7.1,1
S04395,16,80,66,99,2.1,1
S04396,18,83,76,91,7.7,1
S04397,20,93,86,88,9.7,1
S04398,21,66,84,72,7.9,1
S04399,18,50,80,48,0.7,1
S04400,17,82,100,90,6.2,1
S04401,19,88,60,74,7.1,1
S04402,18,100,88,83,8.3,1
S04403,22,37,43,81,1.0,1
S04404,22,78,64,57,5.1,1
S04405,22,73,56,81,5.6,1
S04406,19,64,55,57,2.1,1
S04407,22,71,56,90,3.6,1
S04408,20,72,87,65,4.7,1
S04409,18,75,79,94,8.4,1
S04410,22,76,69,70,9.3,1
S04411,16,78,82,98,6.5,1
S04412,19,55,71,84,4.3,1
S04413,20,65,65,63,2.9,1
S04414,16,91,100,96,9.8,1
S04415,16,65,100,100,9.8,1
S04416,16,100,89,91,9.3,1
S04417,16,88,91,81,8.0,1
S04418,18,40,68,70,3.6,1
S04419,22,91,95,88,8.3,1
S04420,21,70,56,75,4.4,1
S04421,18,54,78,76,3.6,1
S04422,18,89,89,73,7.6,1
S04423,20,49,50,57,1.3,1
S04424,20,61,87,59,1.0,1
S04425,22,66,59,81,4.8,1
S04426,21,63,79,58,4.7,1
S04427,20,91,80,90,9.0,1
S04428,22,42,70,74,1.7,1
S04429,22,61,87,66,1.7,1
S04430,17,70,74,67,1.9,1
S04431,21,73,59,59,0.8,1
S04432,20,73,73,65,1.2,1
S04433,21,98,76,77,6.8,1
S04434,18,68,80,73,4.6,1
S04435,18,74,88,80,7.8,1
S04436,21,100,80,90,9.9,1
S04437,17,76,100,78,6.8,1
S04438,17,59,76,50,1.0,1
S04439,21,70,52,48,1.5,1
S04440,20,100,100,89,8.9,1
S04441,19,83,64,84,5.5,1
S04442,17,91,94,100,8.3,1
S04443,16,76,90,100,8.6,1
S04444,18,100,100,100,9.3,1
S04445,21,98,97,93,9.5,1
S04446,16,74,60,80,5.8,1
S04447,21,64,83,63,3.7,1
S04448,22,89,88,81,9.6,1
S04449,18,78,73,80,5.7,1
S04450,18,42,62,54,1.1,1
S04451,17,96,75,80,6.6,1
S04452,17,92,100,52,6.1,1
S04453,16,89,100,94,9.0,1
S04454,22,77,69,70,6.7,1
S04455,21,70,63,56,3.8,1
S04456,22,96,78,99,9.7,1
S04457,18,84,99,97,8.1,1
S04458,16,93,81,80,6.5,1
S04459,19,51,58,63,3.3,1
S04460,16,62,91,81,4.0,1
S04461,20,92,89,74,6.9,1
S04462,16,64,64,62,1.2,1
S04463,22,58,70,84,2.9,1
S04464,20,89,68,87,7.3,1
S04465,20,66,83,76,5.1,1
S04466,20,68,68,71,4.3,1
S04467,19,75,75,67,1.9,1
S04468,16,85,83,78,4.7,1
S04469,22,90,86,73,7.8,1
S04470,16,54,67,83,3.0,1
S04471,19,53,79,57,0.6,1
S04472,18,84,67,80,6.9,1
S04473,17,100,87,100,9.7,1
S04474,22,59,95,79,6.3,1
S04475,22,51,81,75,1.6,1
S04476,16,83,69,71,3.5,1
S04477,17,100,82,89,8.7,1
S04478,21,65,59,71,2.7,1
S04479,21,99,64,84,6.3,1
S04480,19,63,97,80,4.3,1
S04481,21,47,65,80,2.5,1
S04482,22,97,94,97,8.2,1
S04483,21,100,92,76,7.6,1
S04484,18,98,100,98,6.8,1
S04485,18,55,62,50,2.7,1
S04486,18,63,58,58,1.4,1
S04487,21,89,90,78,6.0,1
S04488,19,82,58,66,5.8,1
S04489,20,82,84,70,2.3,1
S04490,20,54,82,71,1.0,1
S04491,17,59,65,56,1.3,1
S04492,20,97,83,97,9.9,1
S04493,20,97,97,94,7.9,1
S04494,18,90,90,68,9.3,1
S04495,18,76,68,70,2.4,1
S04496,21,100,96,95,9.6,1
S04497,17,56,56,56,1.9,1
S04498,16,74,81,64,5.3,1
S04499,22,100,71,79,8.4,1
S04500,17,93,45,70,3.8,1
S04501,17,81,78,66,4.5,1
S04502,19,52,76,72,1.7,1
S04503,21,64,57,70,1.7,1
S04504,19,92,74,85,6.4,1
S04505,17,73,91,96,6.9,1
S04506,17,74,87,92,7.9,1
S04507,17,74,72,82,5.8,1
S04508,20,89,86,68,6.6,1
S04509,22,41,59,75,0.6,1
S04510,22,55,50,80,2.0,1
S04511,19,98,93,88,9.9,1
S04512,17,73,64,55,1.2,1
S04513,22,86,77,90,6.9,1
S04514,18,68,76,47,2.2,1
S04515,22,96,91,88,7.3,1
S04516,21,100,81,100,7.2,1
S04517,21,84,69,64,2.7,1
S04518,22,43,64,73,3.1,1
S04519,18,83,80,83,6.7,1
S04520,21,83,71,85,4.2,1
S04521,20,85,44,69,2.3,1
S04522,22,93,86,80,7.5,1
S04523,20,53,68,50,2.0,1
S04524,22,81,100,89,8.6,1
S04525,16,68,83,77,5.4,1
S04526,16,65,55,42,1.5,1
S04527,16,78,64,72,7.1,1
S04528,21,40,65,71,5.4,1
S04529,20,54,64,64,3.3,1
S04530,20,68,68,74,4.5,1
S04531,20,52,67,69,3.3,1
S04532,18,52,64,69,3.0,1
S04533,20,88,62,92,2.1,1
S04534,18,70,67,68,3.9,1
S04535,16,62,68,60,2.9,1
S04536,16,91,73,100,7.0,1
S04537,21,97,68,99,7.0,1
S04538,22,100,74,65,5.3,1
S04539,16,100,92,99,7.9,1
S04540,22,94,76,67,8.5,1
S04541,22,61,73,100,6.0,1
S04542,21,69,80,100,6.4,1
S04543,17,63,67,76,3.2,1
S04544,17,97,100,98,9.0,1
S04545,19,59,71,67,0.7,1
S04546,21,53,74,65,3.8,1
S04547,19,65,100,97,7.4,1
S04548,19,63,58,79,1.3,1
S04549,17,65,75,59,2.2,1
S04550,21,77,73,79,6.1,1
S04551,17,84,83,65,5.8,1
S04552,19,100,93,83,7.5,1
S04553,21,92,89,83,8.2,1
S04554,19,51,52,79,1.7,1
S04555,20,81,40,80,0.7,1
S04556,22,81,91,71,7.1,1
S04557,21,69,67,79,3.4,1
S04558,21,73,79,90,6.4,1
S04559,22,50,82,47,1.9,1
S04560,19,63,65,87,5.0,1
S04561,20,62,86,61,5.3,1
S04562,18,43,71,74,6.1,1
S04563,22,75,75,67,5.4,1
S04564,17,89,64,59,5.2,1
S04565,19,58,62,84,3.7,1
S04566,22,91,67,53,1.2,1
S04567,22,77,78,60,1.4,1
S04568,21,73,80,75,4.6,1
S04569,17,57,75,81,3.9,1
S04570,17,57,100,67,5.4,1
S04571,17,67,77,76,3.4,1
S04572,22,84,72,80,7.0,1
S04573,18,87,70,77,8.7,1
S04574,16,81,74,82,3.3,1
S04575,19,82,49,90,2.3,1
S04576,16,67,51,67,1.6,1
S04577,22,87,85,74,6.4,1
S04578,16,70,87,67,4.7,1
S04579,22,64,62,76,2.3,1
S04580,16,87,68,82,6.7,1
S04581,17,59,62,54,1.9,1
S04582,20,86,76,60,5.8,1
S04583,17,64,79,82,5.5,1
S04584,17,76,71,70,7.5,1
S04585,21,46,51,59,1.0,1
S04586,21,83,100,100,8.9,1
S04587,16,80,93,74,7.2,1
S04588,22,78,81,80,2.6,1
S04589,17,64,43,56,2.2,1
S04590,16,58,64,84,4.6,1
S04591,21,71,100,93,8.3,1
S04592,20,84,96,93,8.5,1
S04593,19,87,82,71,5.4,1
S04594,16,100,86,95,8.7,1
S04595,20,38,52,66,0.6,1
S04596,19,63,60,83,0.8,1
S04597,18,87,87,83,9.2,1
S04598,16,83,93,99,7.9,1
S04599,16,61,76,65,4.8,1
S04600,18,83,75,82,7.7,1
S04601,18,80,100,84,9.6,1
S04602,16,83,100,80,7.8,1
S04603,18,100,100,85,8.5,1
S04604,17,93,94,100,7.7,1
S04605,19,86,73,72,2.1,1
S04606,19,95,75,100,8.4,1
S04607,19,67,58,68,2.4,1
S04608,17,98,89,100,9.0,1
S04609,22,65,83,78,4.9,1
S04610,18,58,76,73,6.9,1
S04611,20,85,73,88,5.2,1
S04612,18,39,69,81,1.4,1
S04613,16,82,71,78,3.3,1
S04614,21,100,98,100,9.8,1
S04615,19,83,84,100,9.6,1
S04616,18,64,66,68,3.5,1
S04617,20,95,89,84,10.0,1
S04618,16,78,89,91,8.5,1
S04619,17,87,76,99,6.3,1
S04620,22,66,54,66,0.9,1
S04621,17,74,93,96,9.1,1
S04622,20,68,100,79,5.8,1
S04623,16,90,97,91,8.8,1
S04624,19,100,68,81,8.4,1
S04625,18,96,93,93,8.4,1
S04626,16,55,78,92,7.1,1
S04627,22,65,58,54,3.3,1
S04628,17,75,80,55,3.7,1
S04629,22,59,71,52,3.4,1
S04630,22,47,89,78,0.7,1
S04631,20,70,78,69,6.0,1
S04632,20,80,81,87,7.1,1
S04633,18,78,100,100,8.6,1
S04634,20,70,64,69,1.8,1
S04635,20,67,66,84,5.7,1
S04636,16,45,49,53,0.6,1
S04637,19,56,58,68,1.4,1
S04638,18,77,69,52,1.0,1
S04639,16,91,100,63,7.4,1
S04640,19,67,72,65,1.3,1
S04641,22,88,92,87,7.3,1
S04642,16,55,81,63,2.9,1
S04643,21,83,98,80,8.8,1
S04644,16,78,77,84,8.2,1
S04645,20,100,91,83,9.6,1
S04646,19,94,85,97,8.9,1
S04647,18,73,100,95,9.4,1
S04648,18,100,79,100,8.7,1
S04649,19,79,73,79,7.1,1
S04650,20,71,67,67,2.1,1
S04651,17,80,92,72,3.1,1
S04652,16,34,75,64,2.5,1
S04653,20,85,93,58,6.2,1
S04654,21,73,64,82,5.3,1
S04655,22,61,98,100,8.7,1
S04656,19,80,80,100,9.6,1
S04657,16,67,82,95,4.3,1
S04658,18,86,58,87,5.3,1
S04659,22,92,90,89,9.7,1
S04660,17,69,44,77,3.1,1
S04661,21,83,77,97,8.0,1
S04662,18,78,50,51,2.6,1
S04663,19,89,91,87,7.0,1
S04664,16,69,69,68,2.9,1
S04665,19,77,85,100,8.9,1
S04666,22,80,80,83,5.8,1
S04667,16,98,56,40,2.3,1
S04668,20,75,71,73,2.6,1
S04669,17,67,76,54,5.2,1
S04670,20,100,100,100,9.6,1
S04671,20,77,100,77,7.8,1
S04672,19,84,88,64,5.1,1
S04673,22,69,75,63,3.7,1
S04674,17,80,84,68,5.7,1
S04675,16,88,100,83,7.6,1
S04676,16,84,90,76,7.9,1
S04677,21,65,75,68,3.6,1
S04678,18,69,78,67,7.4,1
S04679,21,68,74,79,6.7,1
S04680,21,97,92,100,9.6,1
S04681,16,84,61,85,9.3,1
S04682,19,76,87,92,8.0,1
S04683,20,100,82,70,7.4,1
S04684,22,97,79,76,3.1,1
S04685,20,96,100,100,8.5,1
S04686,20,82,100,90,4.6,1
S04687,17,58,76,72,3.1,1
S04688,16,57,74,81,4.1,1
S04689,22,85,82,73,8.4,1
S04690,19,63,52,62,1.9,1
S04691,17,83,86,67,4.8,1
S04692,18,54,76,80,5.2,1
S04693,19,84,65,57,0.8,1
S04694,21,68,66,75,2.4,1
S04695,19,70,89,100,8.4,1
S04696,19,90,92,94,8.4,1
S04697,20,57,75,86,3.3,1
S04698,19,79,100,75,8.8,1
S04699,21,73,72,84,7.8,1
S04700,21,70,81,77,4.5,1
S04701,16,100,70,85,7.6,1
S04702,19,95,100,100,9.6,1
S04703,20,83,79,67,4.9,1
S04704,19,77,67,73,2.8,1
S04705,18,91,92,63,9.4,1
S04706,18,66,82,85,6.2,1
S04707,20,42,76,70,1.5,1
S04708,16,74,91,78,5.9,1
S04709,16,90,88,81,5.3,1
S04710,21,100,74,81,8.6,1
S04711,21,80,85,64,5.5,1
S04712,17,71,39,58,2.9,1
S04713,20,81,58,73,6.9,1
S04714,19,72,92,64,5.7,1
S04715,22,57,50,54,2.7,1
S04716,20,61,77,70,5.9,1
S04717,17,100,100,83,8.3,1
S04718,21,60,67,64,0.8,1
S04719,20,76,86,67,6.5,1
S04720,20,92,71,62,3.8,1
S04721,21,92,71,64,3.3,1
S04722,17,100,65,78,4.2,1
S04723,21,67,65,59,3.7,1
S04724,16,90,90,81,8.4,1
S04725,19,75,72,81,3.1,1
S04726,21,100,84,75,7.5,1
S04727,17,61,35,51,1.4,1
S04728,18,81,100,89,9.5,1
S04729,16,72,93,71,6.4,1
S04730,18,98,82,53,7.2,1
S04731,22,76,81,73,3.3,1
S04732,21,71,69,84,4.4,1
S04733,16,63,71,68,2.6,1
S04734,19,91,70,100,9.4,1
S04735,21,90,79,83,5.1,1
S04736,19,72,78,71,6.5,1
S04737,20,70,88,100,7.5,1
S04738,18,93,93,76,4.0,1
S04739,16,85,85,88,7.3,1
S04740,19,82,78,71,6.9,1
S04741,17,92,79,66,7.2,1
S04742,19,64,59,64,5.1,1
S04743,17,80,77,83,4.1,1
S04744,21,61,73,87,2.6,1
S04745,16,100,89,90,8.3,1
S04746,19,62,92,81,6.3,1
S04747,22,79,86,86,4.7,1
S04748,19,90,94,100,9.5,1
S04749,22,51,68,47,1.0,1
S04750,16,99,100,100,8.6,1
S04751,19,93,85,88,10.0,1
S04752,17,96,100,100,8.9,1
S04753,19,100,89,74,8.2,1
S04754,18,81,85,84,4.1,1
S04755,21,53,58,53,2.7,1
S04756,20,78,88,96,7.5,1
S04757,17,74,62,78,3.4,1
S04758,18,73,44,50,2.2,1
S04759,22,82,100,100,8.0,1
S04760,21,71,65,60,3.5,1
S04761,16,94,82,100,9.2,1
S04762,17,93,82,89,8.5,1
S04763,20,75,100,74,8.6,1
S04764,21,69,100,74,7.8,1
S04765,22,63,88,100,8.9,1
S04766,20,89,98,100,8.2,1
S04767,16,63,68,78,6.2,1
S04768,16,94,76,75,3.3,1
S04769,22,98,86,100,8.9,1
S04770,17,75,95,73,8.5,1
S04771,22,89,60,84,5.0,1
S04772,19,72,53,74,0.9,1
S04773,16,96,84,85,6.6,1
S04774,21,49,63,79,1.0,1
S04775,19,100,75,91,9.3,1
S04776,18,100,82,100,9.6,1
S04777,20,83,71,70,2.3,1
S04778,19,64,87,65,6.9,1
S04779,20,58,70,75,1.4,1
S04780,22,74,87,98,7.4,1
S04781,19,93,59,70,3.8,1
S04782,22,89,79,68,7.0,1
S04783,18,82,79,82,4.0,1
S04784,16,68,52,70,1.9,1
S04785,18,77,60,77,4.4,1
S04786,16,51,59,67,1.6,1
S04787,22,74,83,90,6.0,1
S04788,16,59,38,66,0.9,1
S04789,20,69,75,72,5.5,1
S04790,21,81,97,71,8.9,1
S04791,18,87,98,82,8.5,1
S04792,19,83,79,98,8.9,1
S04793,18,93,97,86,9.3,1
S04794,20,56,75,75,1.5,1
S04795,16,54,71,50,1.7,1
S04796,20,67,74,67,5.8,1
S04797,17,91,63,77,9.0,1
S04798,17,100,97,93,9.8,1
S04799,19,66,79,83,0.9,1
S04800,20,52,82,97,3.9,1
S04801,22,75,76,80,2.5,1
S04802,19,94,88,63,7.7,1
S04803,22,92,93,73,6.6,1
S04804,19,74,67,32,1.6,1
S04805,17,67,55,78,5.1,1
S04806,19,79,94,100,7.0,1
S04807,17,100,77,94,7.9,1
S04808,16,79,60,43,0.7,1
S04809,22,90,100,100,9.0,1
S04810,20,86,70,92,5.9,1
S04811,19,96,76,100,8.2,1
S04812,17,100,94,98,8.2,1
S04813,18,68,52,62,2.3,1
S04814,22,46,60,44,1.5,1
S04815,19,79,99,97,7.4,1
S04816,21,100,84,75,2.0,1
S04817,16,74,68,66,8.6,1
S04818,16,85,82,73,7.4,1
S04819,18,100,100,77,8.5,1
S04820,17,59,65,79,3.3,1
S04821,19,36,80,71,3.5,1
S04822,22,52,94,79,6.9,1
S04823,17,49,53,58,0.8,1
S04824,16,63,90,71,7.4,1
S04825,17,100,95,97,8.4,1
S04826,16,76,85,66,4.4,1
S04827,17,61,67,98,7.8,1
S04828,18,45,81,52,2.2,1
S04829,20,84,79,66,3.6,1
S04830,18,97,81,100,9.8,1
S04831,18,100,93,94,9.9,1
S04832,20,90,88,72,5.4,1
S04833,20,79,80,83,9.4,1
S04834,19,88,67,68,5.5,1
S04835,22,75,70,76,3.3,1
S04836,22,43,63,79,3.0,1
S04837,19,76,95,93,9.3,1
S04838,18,93,75,66,2.1,1
S04839,18,68,83,86,6.0,1
S04840,16,83,79,63,5.8,1
S04841,16,83,95,88,7.5,1
S04842,22,78,76,81,5.2,1
S04843,19,66,60,73,3.1,1
S04844,21,75,79,61,2.1,1
S04845,21,92,52,72,6.4,1
S04846,19,86,86,69,7.3,1
S04847,16,68,75,95,5.9,1
S04848,22,78,74,83,7.5,1
S04849,22,43,67,61,1.8,1
S04850,16,87,96,83,8.9,1
S04851,21,58,70,69,6.0,1
S04852,17,64,47,60,1.7,1
S04853,17,78,60,89,4.9,1
S04854,16,100,100,94,8.5,1
S04855,17,76,100,98,9.0,1
S04856,20,53,69,80,3.0,1
S04857,19,100,68,100,7.3,1
S04858,19,44,61,65,1.4,1
S04859,16,83,34,58,0.8,1
S04860,18,67,83,83,5.8,1
S04861,21,72,72,90,7.1,1
S04862,16,98,73,86,8.1,1
S04863,17,76,83,62,3.7,1
S04864,21,77,57,64,0.6,1
S04865,18,53,87,82,5.1,1
S04866,17,64,74,66,0.7,1
S04867,22,60,61,44,1.4,1
S04868,20,56,71,54,3.6,1
S04869,17,96,88,83,4.7,1
S04870,20,71,63,66,3.2,1
S04871,21,78,94,100,6.0,1
S04872,20,64,37,78,1.0,1
S04873,21,42,60,52,1.9,1
S04874,21,68,86,94,7.1,1
S04875,21,59,50,84,1.9,1
S04876,21,85,87,76,6.6,1
S04877,21,74,63,62,1.0,1
S04878,17,62,65,68,4.4,1
S04879,21,50,56,55,2.2,1
S04880,17,67,52,82,1.5,1
S04881,21,77,61,50,5.9,1
S04882,20,69,100,82,9.3,1
S04883,22,48,58,59,1.0,1
S04884,21,71,58,76,4.5,1
S04885,18,82,83,69,7.2,1
S04886,21,76,78,91,4.9,1
S04887,21,72,78,66,8.2,1
S04888,20,62,61,47,2.2,1
S04889,19,100,100,91,9.6,1
S04890,20,37,59,59,4.2,1
S04891,18,66,64,74,3.7,1
S04892,19,70,66,80,8.8,1
S04893,16,78,100,88,5.9,1
S04894,16,59,85,67,5.4,1
S04895,18,86,85,100,7.4,1
S04896,20,99,71,86,6.0,1
S04897,17,51,55,58,2.0,1
S04898,18,73,80,89,6.9,1
S04899,22,57,70,67,1.8,1
S04900,19,92,75,95,8.2,1
S04901,19,82,89,98,9.9,1
S04902,21,67,83,77,4.1,1
S04903,16,66,94,76,4.7,1
S04904,19,53,67,73,0.9,1
S04905,18,61,51,75,0.6,1
S04906,19,99,90,91,9.3,1
S04907,18,44,68,72,1.7,1
S04908,17,78,71,85,4.7,1
S04909,21,100,97,100,8.2,1
S04910,16,100,82,100,8.9,1
S04911,19,69,97,89,5.4,1
S04912,18,80,78,74,5.9,1
S04913,20,82,76,68,6.9,1
S04914,16,99,100,97,9.6,1
S04915,17,75,69,86,6.2,1
S04916,18,75,81,74,5.8,1
S04917,22,49,76,47,0.6,1
S04918,22,73,47,82,1.3,1
S04919,21,83,94,84,6.0,1
S04920,21,96,77,77,9.4,1
S04921,17,100,100,86,8.7,1
S04922,17,100,83,77,9.8,1
S04923,21,90,92,85,5.5,1
S04924,19,100,80,100,8.0,1
S04925,19,100,85,85,8.5,1
S04926,18,70,71,80,6.7,1
S04927,20,66,42,69,3.7,1
S04928,18,84,62,74,5.0,1
S04929,20,79,70,79,8.7,1
S04930,17,64,45,86,3.3,1
S04931,16,95,96,92,9.3,1
S04932,18,63,86,69,2.7,1
S04933,18,86,100,82,7.6,1
S04934,20,67,68,67,6.5,1
S04935,17,85,85,95,7.6,1
S04936,17,75,89,91,4.7,1
S04937,22,100,77,70,9.4,1
S04938,20,78,96,89,6.5,1
S04939,17,60,84,80,3.2,1
S04940,21,90,59,95,6.6,1
S04941,19,30,41,84,3.2,1
S04942,22,64,65,100,3.3,1
S04943,21,66,85,78,4.3,1
S04944,16,93,71,98,8.6,1
S04945,18,91,53,77,5.3,1
S04946,22,100,84,73,6.9,1
S04947,16,75,81,81,4.2,1
S04948,18,48,60,81,3.0,1
S04949,19,87,86,94,9.6,1
S04950,17,75,88,62,6.2,1
S04951,21,97,82,74,9.4,1
S04952,20,65,57,76,2.4,1
S04953,21,54,68,62,1.9,1
S04954,19,74,94,91,8.6,1
S04955,16,73,81,88,7.0,1
S04956,20,53,84,66,2.3,1
S04957,17,87,78,67,3.1,1
S04958,19,78,84,84,8.1,1
S04959,20,75,60,82,4.8,1
S04960,19,94,95,87,6.9,1
S04961,19,71,83,62,3.5,1
S04962,17,58,71,73,4.1,1
S04963,22,100,98,80,9.9,1
S04964,18,71,76,75,2.9,1
S04965,20,50,96,72,5.3,1
S04966,17,100,100,95,8.5,1
S04967,19,77,73,66,2.8,1
S04968,17,77,85,87,4.4,1
S04969,22,100,95,95,6.3,1
S04970,18,86,80,81,5.1,1
S04971,21,88,87,72,4.9,1
S04972,20,83,64,62,3.9,1
S04973,18,88,93,90,6.1,1
S04974,16,59,73,80,6.4,1
S04975,20,62,70,82,6.7,1
S04976,18,70,60,60,1.2,1
S04977,19,96,66,66,6.5,1
S04978,20,85,86,100,9.6,1
S04979,20,64,83,77,5.6,1
S04980,17,87,88,63,7.3,1
S04981,19,61,87,77,5.8,1
S04982,16,87,98,73,8.6,1
S04983,21,88,97,96,9.3,1
S04984,22,62,56,72,2.3,1
S04985,18,96,86,92,4.7,1
S04986,17,64,72,57,4.2,1
S04987,18,73,76,90,4.3,1
S04988,16,46,65,71,1.7,1
S04989,16,99,100,71,8.2,1
S04990,20,56,46,83,0.8,1
S04991,22,91,74,76,5.5,1
S04992,16,53,89,69,6.8,1
S04993,18,64,67,79,2.5,1
S04994,19,93,86,77,9.1,1
S04995,19,100,66,100,8.5,1
S04996,20,67,73,74,5.0,1
S04997,21,82,78,70,4.4,1
S04998,18,59,74,54,2.7,1
S04999,18,86,83,72,7.4,1
S05000,16,73,66,68,1.8,1
